id,name,type,subtype,district,neighbourhood,latitude,longitude,etymology_type,etymology_summary,named_after,named_after_wikidata,person_gender,person_birth_year,person_death_year,person_profession,person_nationality,naming_date,previous_names,source,confidence,line,opening_year,operator
metro_001,Sol,metro_station,,Centro,Sol,40.4169,-3.7036,historical,"From the Puerta del Sol, one of Madrid's medieval fortress gates during the 1520 Comuneros revolt. The gate may have had a sun carved on it, or faced east toward the sunrise.",Puerta del Sol,Q171590,,,,,,,Vodafone Sol (2013-2016),Renfe Blog; Wikipedia,verified,1;2;3,1919,Metro de Madrid
metro_002,Gran Via,metro_station,,Centro,,40.4204,-3.7053,descriptive,"Named after the Gran Via boulevard ('Great Way'), Madrid's iconic avenue built 1910-1929 by demolishing hundreds of old buildings to create a grand east-west thoroughfare.",Gran Via,Q575588,,,,,,,Jose Antonio (1940-1983),MadridMobilite; Wikipedia,verified,1;5,1919,Metro de Madrid
metro_003,Tirso de Molina,metro_station,,Centro,,40.4118,-3.7031,person,"Named after Fray Gabriel Tellez (1579-1648), known by his pen name Tirso de Molina, a Mercedarian friar and playwright who created the character of Don Juan in 'El burlador de Sevilla'.",Tirso de Molina,Q204282,M,1579,1648,playwright; friar,Spanish,,Progreso (until 1939),Muy Interesante; Wikipedia,verified,1,1921,Metro de Madrid
metro_004,La Latina,metro_station,,Latina,,40.4082,-3.7091,person,"Named after Beatriz Galindo 'La Latina' (1465-1534), a humanist and Latin scholar who served as tutor and advisor to Queen Isabel la Catolica.",Beatriz Galindo,Q2655587,F,1465,1534,humanist; Latin scholar,Spanish,,,Muy Interesante; Civitatis,verified,5,1968,Metro de Madrid
metro_005,Goya,metro_station,,Salamanca,,40.4218,-3.6764,person,"Named after Francisco de Goya (1746-1828), the great Spanish painter and printmaker. The street and plaza were named first; the station follows.",Francisco de Goya,Q5432,M,1746,1828,painter; printmaker,Spanish,,,Muy Interesante; Wikipedia,verified,2;4,1924,Metro de Madrid
metro_006,Arguelles,metro_station,,Moncloa-Aravaca,,40.4303,-3.7144,person,"Named after Agustin de Arguelles (1776-1844), a liberal lawyer and politician of the Cortes of Cadiz, known as 'El Divino' for his oratory.",Agustin de Arguelles,Q2575637,M,1776,1844,lawyer; politician,Spanish,,,Muy Interesante; Wikipedia,verified,3;4;6,1941,Metro de Madrid
metro_007,Chueca,metro_station,,Centro,,40.4228,-3.6969,person,"Named after Federico Chueca (1846-1908), composer of the genero chico zarzuela, a form of Spanish light opera. His most famous work is 'La Gran Via'.",Federico Chueca,Q727677,M,1846,1908,composer,Spanish,,,Muy Interesante; Wikipedia,verified,5,1970,Metro de Madrid
metro_008,Embajadores,metro_station,,Centro,,40.4052,-3.6991,historical,From 'embajadores' (ambassadors). Foreign ambassadors fleeing a plague outbreak under King Juan II (15th century) took refuge outside the city walls here.,,,,,,,,,,El Independiente; Espana Fascinante,verified,3,1936,Metro de Madrid
metro_009,Lavapies,metro_station,,Centro,,40.4087,-3.7004,historical,Disputed: (1) From a fountain where Jews washed their feet ('lava pies') before entering the synagogue; (2) From Manzanares river mud. Most cite the Jewish quarter connection.,,,,,,,,,,El Independiente; Wikipedia,uncertain,3,1936,Metro de Madrid
metro_010,Chamberi,metro_station,,Chamberi,,40.4349,-3.7044,place,"Named after the neighbourhood/district. See district entry for etymology (disputed, linked to Chambery, Savoy). This station closed in 1966 and reopened as a museum ('Estacion Fantasma') in 2008.",Chambery (Savoy),Q63978,,,,,,,Closed 1966; museum 2008,Wikipedia,uncertain,1,1919,Metro de Madrid
metro_011,Callao,metro_station,,Centro,,40.4200,-3.7062,event,"Named after the plaza, which commemorates the 1866 naval Battle of Callao against Peru.",Battle of Callao (1866),Q748729,,,,,,,,Espana Fascinante; Wikipedia,verified,3;5,1936,Metro de Madrid
metro_012,Opera,metro_station,,Centro,,40.4177,-3.7105,historical,"Named after the nearby Teatro Real (Royal Opera House), inaugurated in 1850.",Teatro Real,Q1660399,,,,,,,Isabel II (until 1931); Fermin Galan (1937-1939),MadridMobilite; Wikipedia,verified,2;5,1925,Metro de Madrid
metro_013,Principe de Vergara,metro_station,,Salamanca,,40.4289,-3.6737,person,"Named after the street honouring Baldomero Espartero (1793-1879), military leader who was regent and prince of Vergara after the Convention of Vergara (1839).",Baldomero Espartero,Q312461,M,1793,1879,military; regent,Spanish,,General Mola (1939-1983),MadridMobilite; Muy Interesante,verified,2;9,1924,Metro de Madrid
metro_014,Alfonso XIII,metro_station,,Chamartin,,40.4538,-3.6704,person,"Named after King Alfonso XIII (1886-1941), who inaugurated and helped fund the first Metro line in 1919.",Alfonso XIII,Q165017,M,1886,1941,king,Spanish,,,Muy Interesante; Wikipedia,verified,4,1968,Metro de Madrid
metro_015,Gregorio Maranon,metro_station,,Chamartin,,40.4404,-3.6927,person,"Named after Gregorio Maranon y Posadillo (1887-1960), physician, scientist, historian, and precursor of endocrinology in Spain.",Gregorio Maranon,Q556539,M,1887,1960,physician; endocrinologist; historian,Spanish,,,Muy Interesante; Wikipedia,verified,7;10,1988,Metro de Madrid
metro_016,Paco de Lucia,metro_station,,Latina,,40.3861,-3.7378,person,"Named after Paco de Lucia (1947-2014), the legendary flamenco guitarist who revolutionized the genre and brought it international recognition.",Paco de Lucia,Q218837,M,1947,2014,flamenco guitarist,Spanish,2014,,Muy Interesante; Wikipedia,verified,3,2007,Metro de Madrid
metro_017,Manuela Malasana,metro_station,,Centro,,40.4268,-3.7020,person,"Named after Manuela Malasana (1791-1808), a young seamstress killed resisting French troops on May 2, 1808. A symbol of Madrid's popular resistance against Napoleon.",Manuela Malasana,Q2655743,F,1791,1808,seamstress,Spanish,,,Muy Interesante; Wikipedia,verified,3,1936,Metro de Madrid
metro_018,Principe Pio,metro_station,,Moncloa-Aravaca,,40.4217,-3.7189,person,"Named after Francisco Pio de Saboya (1659-1726), Italian aristocrat and military commander who supported Felipe V during the War of Spanish Succession. His palace stood nearby.",Francisco Pio de Saboya,,M,1659,1726,aristocrat; military commander,Italian,,Norte (until 1994),MadridMobilite; Muy Interesante,verified,6;10,1972,Metro de Madrid
metro_019,Eugenia de Montijo,metro_station,,Carabanchel,,40.3883,-3.7333,person,"Named after Eugenia de Montijo (1826-1920), Countess of Teba and Empress of France as wife of Napoleon III.",Eugenia de Montijo,Q157054,F,1826,1920,empress,Spanish,,,Muy Interesante; Wikipedia,verified,3,2007,Metro de Madrid
metro_020,Guzman el Bueno,metro_station,,Chamberi,,40.4375,-3.7112,person,"Named after Alfonso Perez de Guzman 'el Bueno' (1256-1309), military strategist who famously defended Tarifa against the Moors, choosing duty over his own son's life.",Alfonso Perez de Guzman,Q2388055,M,1256,1309,military commander,Spanish,,,Muy Interesante; Wikipedia,verified,7,1974,Metro de Madrid
metro_021,Alonso Martinez,metro_station,,Centro,,40.4271,-3.6974,person,"Named after Manuel Alonso Martinez (1827-1891), jurist and politician who authored the 1888 Spanish Civil Code.",Manuel Alonso Martinez,Q5993831,M,1827,1891,jurist; politician,Spanish,,,Muy Interesante; Wikipedia,verified,4;5;10,1924,Metro de Madrid
metro_022,Diego de Leon,metro_station,,Salamanca,,40.4354,-3.6733,person,"Named after Diego de Leon (1807-1841), a military officer and politician executed for his role in a failed pronunciamiento.",Diego de Leon,Q5659938,M,1807,1841,military officer; politician,Spanish,,,Muy Interesante; Wikipedia,verified,4;5;6,1932,Metro de Madrid
metro_023,Vicente Aleixandre,metro_station,,Chamberi,,40.4453,-3.7117,person,"Named after Vicente Aleixandre (1898-1984), poet of the Generation of '27 who won the Nobel Prize in Literature in 1977. Station renamed in 2018 (formerly Metropolitano).",Vicente Aleixandre,Q104837,M,1898,1984,poet,Spanish,2018,Metropolitano (until 2018),MadridMobilite; Wikipedia,verified,6,1987,Metro de Madrid
metro_024,Concha Espina,metro_station,,Chamartin,,40.4557,-3.6676,person,"Named after Concha Espina (1869-1955), a prominent Spanish novelist.",Concha Espina,Q462411,F,1869,1955,novelist,Spanish,,,Muy Interesante; Wikipedia,verified,9,1983,Metro de Madrid
metro_025,Santiago Bernabeu,metro_station,,Chamartin,,40.4518,-3.6886,person,"Named after Santiago Bernabeu (1895-1978), long-serving president of Real Madrid football club. The station was renamed from 'Lima' in 1997 due to its proximity to the stadium.",Santiago Bernabeu,Q380344,M,1895,1978,football club president,Spanish,1997,Lima (until 1997),MadridMobilite; Wikipedia,verified,10,1982,Metro de Madrid
metro_026,Estacion del Arte,metro_station,,Retiro,,40.4085,-3.6925,descriptive,"Renamed in 2018 to reflect the station's position at the heart of Madrid's art triangle: Museo del Prado, Museo Thyssen-Bornemisza, and Museo Reina Sofia.",,,,,,,2018,Atocha (until 2018),,MadridMobilite; Wikipedia,verified,1,1921,Metro de Madrid
metro_027,Feria de Madrid,metro_station,,Barajas,,40.4657,-3.6129,place,Renamed from 'Campo de las Naciones' in 2017 due to proximity to the IFEMA trade fair complex.,IFEMA,Q1024556,,,,,2017,Campo de las Naciones (until 2017),,MadridMobilite; Wikipedia,verified,8,2002,Metro de Madrid
metro_028,Estadio Metropolitano,metro_station,,San Blas-Canillejas,,40.4362,-3.5993,place,Renamed from 'Estadio Olimpico' in 2017 when Atletico Madrid moved to the Wanda Metropolitano stadium nearby.,Estadio Metropolitano,Q2051754,,,,,2017,Estadio Olimpico (until 2017),,MadridMobilite; Wikipedia,verified,7,2007,Metro de Madrid
metro_029,Atocha,metro_station,,Arganzuela,,40.4060,-3.6901,historical,"Named after the Atocha railway station, which takes its name from 'atocha' (esparto grass, Stipa tenacissima) that grew abundantly in the area.",,,,,,,2021,Atocha-Renfe (until 2021),,MadridMobilite; Wikipedia,verified,1,1968,Metro de Madrid
metro_030,Piramides,metro_station,,Arganzuela,,40.3988,-3.7090,historical,Named after two obelisk-pyramids (14m high) built in 1831 by architect Francisco Javier de Marietegui at the entrance to Puente de Toledo. They still stand today.,,,,,,,,,,Renfe Blog; Wikipedia,verified,3;5,1936,Metro de Madrid
metro_031,Tribunal,metro_station,,Centro,,40.4263,-3.7012,historical,"Named after the Tribunal de Cuentas (Court of Auditors), built in 1863, located on the street above. Originally called Hospicio after the nearby Royal Hospice orphanage (1726).",Tribunal de Cuentas,,,,,,,,Hospicio (until c.1940s),es.wikipedia.org/wiki/Tribunal_(Metro_de_Madrid); museosmetromadrid.es,verified,1;10,1919,Metro de Madrid
metro_032,Noviciado,metro_station,,Centro,,40.4264,-3.7088,religious,Named after the Jesuit novitiate (Noviciado de la Compania de Jesus) that stood on Calle San Bernardo. The building later became the Universidad Central.,Noviciado de los Jesuitas,,,,,,,,,es.wikipedia.org/wiki/Estacion_de_Noviciado; metromadrid.es,verified,2,1925,Metro de Madrid
metro_033,Bilbao,metro_station,,Chamberi,,40.4293,-3.7023,place,"Named after the Glorieta de Bilbao roundabout, which honours the Basque city of Bilbao. The glorieta was a historic boundary point of northern Madrid.",Bilbao (city),Q8692,,,,,,,,es.wikipedia.org/wiki/Estacion_de_Bilbao_(Metro_de_Madrid); cronicavasca.elespanol.com,verified,1;4,1919,Metro de Madrid
metro_034,Quevedo,metro_station,,Chamberi,,40.4330,-3.7032,person,"Named after the Glorieta de Quevedo, honouring Francisco de Quevedo (1580-1645), one of Spain's greatest Golden Age poets and satirists.",Francisco de Quevedo,Q131538,M,1580,1645,poet; satirist; novelist,Spanish,,,es.wikipedia.org/wiki/Estacion_de_Quevedo; museosmetromadrid.es,verified,2,1925,Metro de Madrid
metro_035,Islas Filipinas,metro_station,,Chamberi,,40.4380,-3.7076,place,"Named after the Philippine Islands (Islas Filipinas), former Spanish colony. The nearby Avenida de Filipinas was named to honour the archipelago's colonial connection to Spain.",Philippine Islands,Q928,,,,,,,,es.wikipedia.org/wiki/Estacion_de_Islas_Filipinas,verified,7,1999,Metro de Madrid
metro_036,Moncloa,metro_station,,Moncloa-Aravaca,,40.4345,-3.7197,place,"Named after the Moncloa area. The name derives from 'Mons Clovis' (Latin for Mount of Clovis), referencing the Frankish king. Linked to the Castillo de la Monclova estate in Seville.",Moncloa,,,,,,,,,es.wikipedia.org/wiki/Estacion_de_Moncloa; eldiario.es,verified,3;6,1973,Metro de Madrid
metro_037,Ventas,metro_station,,Salamanca,,40.4302,-3.6622,place,"Named after Las Ventas, the area where the famous Plaza de Toros de Las Ventas bullring (1931) is located. 'Ventas' refers to the roadside inns that once dotted this area.",Las Ventas (bullring area),Q847263,,,,,,,,es.wikipedia.org/wiki/Estacion_de_Ventas; museosmetromadrid.es,verified,2;5,1924,Metro de Madrid
metro_038,Manuel Becerra,metro_station,,Salamanca,,40.4286,-3.6674,person,"Named after Manuel Becerra Bermudez (1820-1896), mathematician, engineer, and politician who served as minister under Amadeo I and Alfonso XII. He was also Grand Master of the Grand Orient of Spain.",Manuel Becerra,Q5992458,M,1820,1896,mathematician; politician,Spanish,,,es.wikipedia.org/wiki/Estacion_de_Manuel_Becerra; museosmetromadrid.es,verified,2;6,1924,Metro de Madrid
metro_039,O'Donnell,metro_station,,Retiro,,40.4253,-3.6700,person,"Named after Calle O'Donnell, honouring Leopoldo O'Donnell (1809-1867), 1st Duke of Tetuan, general and prime minister of Spain. The street was named when Madrid's walls were torn down in 1868.",Leopoldo O'Donnell,Q315473,M,1809,1867,general; prime minister,Spanish,,,en.wikipedia.org/wiki/O'Donnell_(Madrid_Metro); rah.es,verified,6,1979,Metro de Madrid
metro_040,Ibiza,metro_station,,Retiro,,40.4212,-3.6746,place,"Named after Calle de Ibiza, which references the Balearic island of Ibiza. The street naming is linked to the Dukes of Medinaceli who held properties on the island.",Ibiza (island),Q5765,,,,,,,,es.wikipedia.org/wiki/Estacion_de_Ibiza; metro-madrid.es,verified,9,1986,Metro de Madrid
metro_041,Pacifico,metro_station,,Retiro,,40.4066,-3.6867,event,"Named after the former Calle del Pacifico (now Avenida de la Ciudad de Barcelona), which honoured the Spanish Navy's victories on the Pacific coast of Chile and Peru in 1865-1866.",Spanish naval campaigns in the Pacific (1865),,,,,,,,,es.wikipedia.org/wiki/Estacion_de_Pacifico; rutaspormadrid.wordpress.com,verified,1;6,1923,Metro de Madrid
metro_042,Menendez Pelayo,metro_station,,Retiro,,40.4079,-3.6834,person,"Named after the Avenida de Menendez Pelayo, honouring Marcelino Menendez y Pelayo (1856-1912), a renowned writer, philologist, and literary critic from Santander. Nominated for the Nobel Prize in Literature.",Marcelino Menendez Pelayo,Q655162,M,1856,1912,writer; philologist; literary critic,Spanish,,,en.wikipedia.org/wiki/Menendez_Pelayo_(Madrid_Metro); rah.es,verified,1,1923,Metro de Madrid
metro_043,Rios Rosas,metro_station,,Chamberi,,40.4407,-3.6988,person,"Named after Antonio de los Rios Rosas (1812-1873), a jurist, orator, and liberal politician from Ronda (Malaga). He was one of the most respected parliamentarians of 19th-century Spain.",Antonio de los Rios Rosas,Q4068064,M,1812,1873,jurist; politician; orator,Spanish,,,es.wikipedia.org/wiki/Estacion_de_Rios_Rosas; madexperiencias.com,verified,1,1919,Metro de Madrid
metro_044,Iglesia,metro_station,,Chamberi,,40.4420,-3.6990,religious,"Named after the Iglesia de Santa Teresa y Santa Isabel, a parish church built 1842-1856 near the Glorieta de Joaquin Sorolla. The station was originally planned as 'Martinez Campos'.",Iglesia de Santa Teresa y Santa Isabel,,,,,,,,Martinez Campos (planned but never used); Sorolla (Civil War era),es.wikipedia.org/wiki/Estacion_de_Iglesia; lineasdelmetro.com,verified,1,1919,Metro de Madrid
metro_045,Cruz del Rayo,metro_station,,Chamartin,,40.4484,-3.6717,historical,Named after the Colonia Cruz del Rayo residential area. The toponym refers to a stone cross that was struck and damaged by lightning ('rayo') at some historical point.,Cruz del Rayo (stone cross struck by lightning),,,,,,,,,en.wikipedia.org/wiki/Cruz_del_Rayo_(Madrid_Metro); caminandopormadrid.com,probable,9,1983,Metro de Madrid
metro_046,Prosperidad,metro_station,,Chamartin,,40.4487,-3.6736,person,"Named after the Prosperidad neighbourhood, itself named for Prospero Soynard y Polen, a 19th-century landowner who parcelled the area's properties, attracting working-class immigrants from the interior.",Prospero Soynard y Polen,,M,,,landowner,,,,es.wikipedia.org/wiki/Prosperidad_(Madrid_Metro); es.wikipedia.org/wiki/Prosperidad_(Madrid),verified,4,1973,Metro de Madrid
metro_047,Cuatro Caminos,metro_station,,Tetuan,,40.4471,-3.7049,descriptive,"Named after the Glorieta de Cuatro Caminos, a crossroads where four major roads converge: Bravo Murillo, Reina Victoria, Santa Engracia, and Raimundo Fernandez Villaverde.",Cuatro Caminos (Four Roads),,,,,,,,,es.wikipedia.org/wiki/Estacion_de_Cuatro_Caminos; metromadrid.es,verified,1;2;6,1919,Metro de Madrid
metro_048,Tetuan,metro_station,,Tetuan,,40.4607,-3.6973,place,"Named after the barrio of Tetuan de las Victorias, which commemorates Spain's victory in the Battle of Tetuan (1860) during the Spanish-Moroccan War led by General O'Donnell.",Battle of Tetuan / Tetuan (Morocco),Q15638,,,,,,,,es.wikipedia.org/wiki/Tetuan_(Madrid); cosasdelosmadriles.blogspot.com,verified,1,1929,Metro de Madrid
metro_049,Estrecho,metro_station,,Tetuan,,40.4544,-3.6992,place,"Named after the local area which honours the Strait of Gibraltar (Estrecho de Gibraltar), continuing the neighbourhood's North African military nomenclature theme (near Tetuan).",Strait of Gibraltar,Q38695,,,,,,,,es.wikipedia.org/wiki/Estacion_de_Estrecho; espanafascinante.com,verified,1,1929,Metro de Madrid
metro_050,Valdeacederas,metro_station,,Tetuan,,40.4677,-3.6920,descriptive,"Named after the historical street (now Capitan Blanco Argibay). 'Valdeacederas' means 'valley of the sorrels' (Rumex acetosa), a plant that grew abundantly in the area.",Valdeacederas (Valley of Sorrels),,,,,,,,,es.wikipedia.org/wiki/Estacion_de_Valdeacederas; en.wikipedia.org/wiki/Valdeacederas,verified,1,1961,Metro de Madrid
metro_051,Francos Rodriguez,metro_station,,Moncloa-Aravaca,,40.4466,-3.7140,person,"Named after Jose Francos Rodriguez (1862-1931), journalist, playwright, and mayor of Madrid (1910). He was also a prominent member of the Real Academia Espanola.",Jose Francos Rodriguez,Q5940261,M,1862,1931,journalist; playwright; mayor,Spanish,,,es.wikipedia.org/wiki/Estacion_de_Francos_Rodriguez; rah.es,verified,7,1999,Metro de Madrid
metro_052,Carpetana,metro_station,,Carabanchel,,40.3862,-3.7372,historical,"Named after Via Carpetana, which references the Carpetani, a pre-Roman Celtic people who inhabited central Iberia including the area of modern Madrid. Paleontological remains (14 million years old) were found during station works in 2008.",Carpetani (pre-Roman people),,,,,,,,,es.wikipedia.org/wiki/Estacion_de_Carpetana; museosmetromadrid.es,verified,6,1983,Metro de Madrid
metro_053,Oporto,metro_station,,Carabanchel,,40.3870,-3.7222,place,"Named after the Avenida de Oporto, which references the Portuguese city of Porto (Oporto in Spanish). Part of Madrid's tradition of naming streets after significant European cities.",Porto (city),Q36433,,,,,,,,es.wikipedia.org/wiki/Estacion_de_Oporto; madrid.callejero.net,verified,5;6,1968,Metro de Madrid
metro_054,Vista Alegre,metro_station,,Carabanchel,,40.3866,-3.7292,place,"Named after the Vista Alegre neighbourhood, which takes its name from the Quinta de Vista Alegre ('Joyful View Estate'), a royal estate purchased by Queen Maria Cristina in 1832.",Finca de Vista Alegre,,,,,,,,,en.wikipedia.org/wiki/Vista_Alegre_(Madrid); comunidad.madrid,verified,5,1968,Metro de Madrid
metro_055,Carabanchel,metro_station,,Carabanchel,,40.3859,-3.7344,place,"Named after the Carabanchel district, formerly two independent municipalities (Alto and Bajo). Etymology is debated: possibly from Arabic 'carab' (cultivated land owner) or 'garbanzal' (chickpea field).",Carabanchel (district),,,,,,,,,es.wikipedia.org/wiki/Carabanchel; avocesdecarabanchel.es,uncertain,5,1968,Metro de Madrid
metro_056,Arturo Soria,metro_station,,Ciudad Lineal,,40.4493,-3.6410,person,"Named after Arturo Soria y Mata (1844-1920), visionary urbanist who designed the Ciudad Lineal (Linear City) concept in Madrid, a pioneering model of urban planning built 1892-1911.",Arturo Soria,Q600566,M,1844,1920,urbanist; journalist,Spanish,,,es.wikipedia.org/wiki/Calle_de_Arturo_Soria; revivemadrid.com,verified,4,1979,Metro de Madrid
metro_057,Esperanza,metro_station,,Chamartin,,40.4533,-3.6497,place,Named after the Esperanza housing development (colonia). The station serves the Esperanza neighbourhood in the Ciudad Lineal district.,Colonia Esperanza,,,,,,,,,en.wikipedia.org/wiki/Esperanza_(Madrid_Metro); es.wikipedia.org/wiki/Estacion_de_Esperanza,probable,4,1979,Metro de Madrid
metro_058,Canillas,metro_station,,Hortaleza,,40.4584,-3.6427,place,"Named after the historical village of Canillas, an ancient settlement annexed to Madrid in 1949. The village had an agricultural character for centuries.",Canillas (former village),,,,,,,,,en.wikipedia.org/wiki/Canillas_(Madrid_Metro); periodicohortaleza.org,verified,4,1998,Metro de Madrid
metro_059,Mar de Cristal,metro_station,,Hortaleza,,40.4651,-3.6382,place,Named after the Glorieta Mar de Cristal roundabout in the Hortaleza district. The poetic name 'Sea of Crystal' likely references the area's development.,Mar de Cristal (roundabout),,,,,,,,,en.wikipedia.org/wiki/Mar_de_Cristal_(Madrid_Metro); metromadrid.es,probable,4;8,1998,Metro de Madrid
metro_060,Chamartin,metro_station,,Chamartin,,40.4726,-3.6826,place,"Named after the former municipality of Chamartin de la Rosa, annexed to Madrid in 1948. The name likely derives from an old estate or family name; the area was historically rural.",Chamartin de la Rosa (former municipality),,,,,,,,,es.wikipedia.org/wiki/Estacion_de_Madrid-Chamartin; esmadrid.com,verified,1;10,1975,Metro de Madrid
metro_061,Colombia,metro_station,,Chamartin,,40.4586,-3.6765,place,Named after the South American country of Colombia. Located in the Hispanoamerica neighbourhood where many streets are named after Latin American countries and locations.,Colombia (country),Q739,,,,,,,,es.wikipedia.org/wiki/Estacion_de_Colombia; semana.com,verified,8;9,1982,Metro de Madrid
metro_062,Nuevos Ministerios,metro_station,,Chamartin,,40.4462,-3.6913,place,"Named after the Nuevos Ministerios government complex, designed by Secundino Zuazo Ugalde and sponsored by Minister Indalecio Prieto. Construction began 1933, completed 1942.",Nuevos Ministerios (government complex),Q1425891,,,,,,,,en.wikipedia.org/wiki/Nuevos_Ministerios_(Madrid_Metro); metromadrid.es,verified,6;8;10,1979,Metro de Madrid
metro_063,Ruben Dario,metro_station,,Chamberi,,40.4365,-3.6900,person,"Named after Ruben Dario (1867-1916), the Nicaraguan poet who founded the literary movement of Modernismo. Born Felix Ruben Garcia Sarmiento.",Ruben Dario,Q218923,M,1867,1916,poet,Nicaraguan,,,es.wikipedia.org/wiki/Estacion_de_Ruben_Dario; ferrotransmadrid.blogspot.com,verified,5,1970,Metro de Madrid
metro_064,Nunez de Balboa,metro_station,,Salamanca,,40.4286,-3.6768,person,"Named after the street honouring Vasco Nunez de Balboa (1475-1519), the Spanish explorer who was the first European to sight the Pacific Ocean from the Americas in 1513.",Vasco Nunez de Balboa,Q181557,M,1475,1519,explorer; conquistador,Spanish,,,en.wikipedia.org/wiki/Nunez_de_Balboa_(Madrid_Metro); vialibre-ffe.com,verified,5;9,1970,Metro de Madrid
metro_065,Barajas,metro_station,,Barajas,,40.4767,-3.5782,place,"Named after the district of Barajas, a former independent town annexed to Madrid. The name likely derives from a Moorish landowner 'Bar Axa' (son of Axa) or from the Arabic/Jewish hybrid name of the area's medieval lord.",Barajas (former town),,,,,,,,,elrincondemayrit.blogspot.com; en.wikipedia.org/wiki/Barajas_(Madrid),uncertain,8,1999,Metro de Madrid
metro_066,Canillejas,metro_station,,San Blas-Canillejas,,40.4423,-3.6080,place,"Named after Canillejas, an ancient village founded in the 13th century and annexed to Madrid in 1949. It served as an agricultural settlement providing water and crops to Madrid for over six centuries.",Canillejas (former village),,,,,,,,,en.wikipedia.org/wiki/Canillejas; eldistrito.es,verified,5,1980,Metro de Madrid
metro_067,Torre Arias,metro_station,,San Blas-Canillejas,,40.4393,-3.6124,person,"Named after the Quinta de Torre Arias, a 16th-century noble estate built during the reign of Felipe II. The tower and estate passed through several aristocratic families including the Counts of Villamor and Dukes of Osuna.",Quinta de Torre Arias,,,,,,,,,es.wikipedia.org/wiki/Estacion_de_Torre_Arias; comunidad.madrid,verified,5,1980,Metro de Madrid
metro_068,Legazpi,metro_station,,Arganzuela,,40.3920,-3.6940,person,"Named after the Plaza de Legazpi, honouring Miguel Lopez de Legazpi (1502-1572), the Basque conquistador who led the expedition to colonise the Philippines and became the first governor-general of the Spanish East Indies.",Miguel Lopez de Legazpi,Q376865,M,1502,1572,conquistador; governor,Spanish,,,en.wikipedia.org/wiki/Legazpi_(Madrid_Metro); es.wikipedia.org/wiki/Plaza_de_Legazpi,verified,3;6,1936,Metro de Madrid
metro_069,Delicias,metro_station,,Arganzuela,,40.3985,-3.6940,place,"Named after the Paseo de las Delicias, originally 'las Delicias del rio' (Delights of the River). The name comes from the Palace of Delicias del Rio, a historic pleasure ground near the Manzanares River. The nearby Delicias railway station (1880) is now the Railway Museum.",Paseo de las Delicias,,,,,,,,,es.wikipedia.org/wiki/Estacion_de_Delicias_(Metro_de_Madrid); museodelferrocarril.org,verified,3,1949,Metro de Madrid
metro_070,Mendez Alvaro,metro_station,,Arganzuela,,40.3943,-3.6833,person,"Named after Francisco Mendez Alvaro (1806-1883), a physician, writer, and briefly mayor of Madrid in 1843. His term lasted only one month.",Francisco Mendez Alvaro,,M,1806,1883,physician; writer; mayor,Spanish,,,en.wikipedia.org/wiki/Mendez_Alvaro_(Madrid_Metro); es.wikipedia.org/wiki/Estacion_de_Mendez_Alvaro,verified,6,1981,Metro de Madrid
metro_071,Palos de la Frontera,metro_station,,Arganzuela,,40.4007,-3.6963,place,"Named after the town of Palos de la Frontera in Huelva province, from where Columbus set sail in 1492. The station was originally called 'Palos de Moguer' due to a historical error that confused the towns of Palos de la Frontera and Moguer; corrected in 1986.",Palos de la Frontera (town),Q234222,,,,,,,Palos de Moguer (until 1986),en.wikipedia.org/wiki/Palos_de_la_Frontera_(Madrid_Metro); metromadrid.es,verified,3,1949,Metro de Madrid
metro_072,Pavones,metro_station,,Moratalaz,,40.3938,-3.6589,place,Named after the Pavones neighbourhood in the Moratalaz district. The station is under the Calle de la Hacienda de Pavones.,Pavones (neighbourhood),,,,,,,,,es.wikipedia.org/wiki/Estacion_de_Pavones; en.wikipedia.org/wiki/Pavones_(Madrid_Metro),verified,9,1980,Metro de Madrid
metro_073,Valdebernardo,metro_station,,Vicalvaro,,40.3905,-3.6250,place,"Named after the Valdebernardo neighbourhood, a relatively recent urban development in the Vicalvaro district, officially designated as a neighbourhood in 2017.",Valdebernardo (neighbourhood),,,,,,,,,en.wikipedia.org/wiki/Vicalvaro_(Madrid_Metro); comunidad.madrid,verified,9,1998,Metro de Madrid
metro_074,Vicalvaro,metro_station,,Vicalvaro,,40.3933,-3.6098,place,"Named after the historic town of Vicalvaro, annexed to Madrid. The town is notable for the Pronunciamiento de Vicalvaro (1854), a military uprising led by General O'Donnell.",Vicalvaro (former town),,,,,,,,,en.wikipedia.org/wiki/Vicalvaro_(Madrid_Metro); comunidad.madrid,verified,9,1998,Metro de Madrid
metro_075,San Cipriano,metro_station,,Vicalvaro,,40.3915,-3.5948,religious,"Named after the Calle de San Cipriano, honouring Saint Cyprian, a 3rd-century Christian martyr. The saint's name derives from Latin 'Cyprianus', meaning 'from Cyprus'.",Saint Cyprian,Q160438,,,,,,,,en.wikipedia.org/wiki/San_Cipriano; memoriademadrid.es,probable,9,1998,Metro de Madrid
metro_076,Hospital 12 de Octubre,metro_station,,Usera,,40.3748,-3.6969,historical,"Named after the Hospital Universitario 12 de Octubre, a major public hospital. The hospital's name references October 12, Spain's National Day (Dia de la Hispanidad), commemorating Columbus's arrival in America in 1492.",Hospital 12 de Octubre,,,,,,,,,es.wikipedia.org/wiki/Estacion_de_Hospital_12_de_Octubre; metromadrid.es,verified,3,2007,Metro de Madrid
metro_077,Almendrales,metro_station,,Usera,,40.3811,-3.6955,descriptive,"Named after the Almendrales neighbourhood. 'Almendrales' means 'almond groves', referencing the almond trees that historically grew in this area south of Madrid.",Almendrales (almond groves),,,,,,,,,es.wikipedia.org/wiki/Estacion_de_Almendrales; en.wikipedia.org/wiki/Almendrales_(Madrid_Metro),probable,3,2007,Metro de Madrid
metro_078,Usera,metro_station,,Usera,,40.3830,-3.7013,person,"Named after the Usera district, which takes its name from Colonel Marcelo Usera. He married the daughter of 'Tio Sordillo', a farmer whose lands he proposed to develop into housing plots (1925-1930).",Marcelo Usera,,M,,,military officer; developer,Spanish,,,en.wikipedia.org/wiki/Usera; es.wikipedia.org/wiki/Estacion_de_Usera,verified,6,1981,Metro de Madrid
metro_079,Plaza Eliptica,metro_station,,Usera,,40.3849,-3.7089,descriptive,"Named after the Plaza Eliptica roundabout, so called because of its elliptical shape. It sits at the junction of the Usera and Carabanchel districts.",Plaza Eliptica (elliptical plaza),,,,,,,,,es.wikipedia.org/wiki/Plaza_Eliptica; es.wikipedia.org/wiki/Estacion_de_Plaza_Eliptica,verified,6;11,1981,Metro de Madrid
metro_080,Puerta de Arganda,metro_station,,Vicalvaro,,40.3795,-3.5770,place,Named as a gateway ('puerta') to the municipality of Arganda del Rey. The station marks the boundary where the metro exits Madrid towards Arganda.,Arganda del Rey (municipality),,,,,,,,,en.wikipedia.org/wiki/Puerta_de_Arganda; comunidad.madrid,verified,9,1998,Metro de Madrid
metro_081,Arganda del Rey,metro_station,,,,40.3084,-3.4891,place,"Named after the municipality of Arganda del Rey. The name 'Arganda' likely derives from the Indo-European root 'arg' (white/bright). 'Del Rey' was added in 1996, referencing Philip II's 1583 purchase of the town from the Archbishopric of Toledo.",Arganda del Rey (municipality),Q201457,,,,,,,,es.wikipedia.org/wiki/Estacion_de_Arganda_del_Rey; diariodearganda.es,verified,9,1999,Metro de Madrid
metro_082,La Poveda,metro_station,,,,40.3193,-3.4755,descriptive,"Named after the La Poveda neighbourhood of Arganda del Rey. 'Poveda' derives from 'alameda' (poplar grove), referencing the poplar trees (chopos) that historically grew in this area.",La Poveda (poplar grove),,,,,,,,,es.wikipedia.org/wiki/Estacion_de_La_Poveda; diariodearganda.es,verified,9,1999,Metro de Madrid
metro_083,Tres Olivos,metro_station,,Fuencarral-El Pardo,,40.4950,-3.6718,descriptive,"Named after the Tres Olivos residential area. 'Tres Olivos' means 'Three Olive Trees', a toponym referencing olive trees that marked the location.",Tres Olivos (Three Olive Trees),,,,,,,,,es.wikipedia.org/wiki/Estacion_de_Tres_Olivos; metro-madrid.es,probable,10,2007,Metro de Madrid
metro_084,Montecarmelo,metro_station,,Fuencarral-El Pardo,,40.5062,-3.6642,place,"Named after the PAU (urban development) of Montecarmelo. 'Monte Carmelo' references Mount Carmel, a mountain range in Israel sacred to the Carmelite religious order.",Montecarmelo (urban development),,,,,,,,,es.wikipedia.org/wiki/Linea_10_(Metro_de_Madrid); comunidad.madrid,probable,10,2007,Metro de Madrid
metro_085,Las Tablas,metro_station,,Fuencarral-El Pardo,,40.5098,-3.6564,place,"Named after the PAU of Las Tablas, a modern residential development. 'Las Tablas' means 'The Boards/Planks', likely a rural toponym referencing flat terrain or wooden structures.",Las Tablas (urban development),,,,,,,,,es.wikipedia.org/wiki/Linea_10_(Metro_de_Madrid); comunidad.madrid,probable,10,2007,Metro de Madrid
metro_086,Pinar de Chamartin,metro_station,,Ciudad Lineal,,40.4682,-3.6522,descriptive,Named after the pine grove ('pinar') that was part of the former municipality of Chamartin de la Rosa. The area retains its name from the historical wooded landscape.,Pinar de Chamartin (pine grove of Chamartin),,,,,,,,,es.wikipedia.org/wiki/Estacion_de_Pinar_de_Chamartin; comunidad.madrid,verified,1;4,2007,Metro de Madrid
metro_087,Anton Martin,metro_station,,Centro,,40.4117,-3.6997,person,"Named after Anton Martin de Dios (1500-1553), a Spanish religious figure and nurse who founded the Hospital de San Juan de Dios at this location in 1552.",Anton Martin,Q5698085,M,1500,1553,religious; nurse; hospital founder,Spanish,,,es.wikipedia.org/wiki/Estacion_de_Anton_Martin; museosmetromadrid.es,verified,1,1921,Metro de Madrid
metro_088,Retiro,metro_station,,Retiro,,40.4213,-3.6834,place,"Named after the Parque del Buen Retiro (Park of the Pleasant Retreat), created in the 1630s as a royal pleasure ground for King Felipe IV by the Count-Duke of Olivares.",Parque del Retiro,Q578462,,,,,,,,es.wikipedia.org/wiki/Estacion_de_Retiro; museosmetromadrid.es,verified,2,1924,Metro de Madrid
metro_089,Banco de Espana,metro_station,,Centro,,40.4194,-3.6934,place,"Named after the Bank of Spain building (1891), the country's central bank, located adjacent to the station at Plaza de Cibeles.",Banco de Espana,Q329270,,,,,,,,es.wikipedia.org/wiki/Estacion_de_Banco_de_Espana; bde.es,verified,2,1924,Metro de Madrid
metro_090,Sevilla,metro_station,,Centro,,40.4198,-3.7001,place,"Named after the Calle de Sevilla, a street referencing the Andalusian city of Seville. The station sits at the intersection of Calle de Alcala and Calle de Sevilla.",Sevilla (city),Q8717,,,,,,,,es.wikipedia.org/wiki/Estacion_de_Sevilla_(Metro_de_Madrid); museosmetromadrid.es,verified,2,1924,Metro de Madrid
metro_091,Santo Domingo,metro_station,,Centro,,40.4230,-3.7093,religious,"Named after the Plaza de Santo Domingo, which references the Dominican convent of Santo Domingo el Real that stood nearby from the 13th century until its demolition in 1869.",Convento de Santo Domingo el Real,,,,,,,,,es.wikipedia.org/wiki/Estacion_de_Santo_Domingo; en.wikipedia.org/wiki/Santo_Domingo_(Madrid_Metro),verified,2,1925,Metro de Madrid
metro_092,San Bernardo,metro_station,,Centro,,40.4268,-3.7062,religious,"Named after the Calle de San Bernardo, which references Saint Bernard of Clairvaux. A Cistercian monastery dedicated to him once stood on this street.",Saint Bernard of Clairvaux,Q174479,,,,,,,,en.wikipedia.org/wiki/San_Bernardo_(Madrid_Metro); es.wikipedia.org/wiki/San_Bernardo_(Metro_de_Madrid),verified,2;4,1925,Metro de Madrid
metro_093,Canal,metro_station,,Chamberi,,40.4374,-3.7002,place,"Named after the Canal de Isabel II water infrastructure. The station is near the Third Reservoir of the Canal de Isabel II, Madrid's water supply system inaugurated in 1858 under Queen Isabel II.",Canal de Isabel II,Q1397483,,,,,,,,es.wikipedia.org/wiki/Estacion_de_Canal; en.wikipedia.org/wiki/Canal_de_Isabel_II,verified,2;7,1998,Metro de Madrid
metro_094,Ventura Rodriguez,metro_station,,Moncloa-Aravaca,,40.4264,-3.7137,person,"Named after Ventura Rodriguez Tizon (1717-1785), one of Spain's most important 18th-century architects. He worked on the Palacio Real and designed numerous churches and public buildings in Madrid.",Ventura Rodriguez,Q557730,M,1717,1785,architect,Spanish,,,es.wikipedia.org/wiki/Estacion_de_Ventura_Rodriguez; comunidad.madrid,verified,3,1941,Metro de Madrid
metro_095,Puerta de Toledo,metro_station,,Centro,,40.4052,-3.7090,historical,"Named after the Puerta de Toledo, the last monumental gate built in Madrid (completed 1827). It was designed as a triumphal arch by Antonio Lopez Aguado, originally conceived during the Napoleonic occupation.",Puerta de Toledo,Q1423505,,,,,,,,es.wikipedia.org/wiki/Puerta_de_Toledo_(Madrid); esmadrid.com,verified,5,1968,Metro de Madrid
metro_096,Acacias,metro_station,,Arganzuela,,40.4011,-3.7027,descriptive,"Named after the Paseo de las Acacias (Acacia Walk), a promenade lined with acacia trees in the Arganzuela district.",Paseo de las Acacias (acacia trees),,,,,,,,,es.wikipedia.org/wiki/Estacion_de_Acacias; en.wikipedia.org/wiki/Acacias_(Madrid_Metro),verified,5,1968,Metro de Madrid
metro_097,Marques de Vadillo,metro_station,,Carabanchel,,40.3973,-3.7184,person,"Named after Francisco Antonio de Salcedo y Aguirre (c.1660-1729), 1st Marques de Vadillo, the corregidor (chief magistrate) of Madrid who commissioned the Puente de Toledo bridge, designed by Pedro de Ribera.",Francisco Antonio de Salcedo y Aguirre,,M,1660,1729,corregidor (chief magistrate),Spanish,,,es.wikipedia.org/wiki/Estacion_de_Marques_de_Vadillo; perlablog.com,verified,5,1968,Metro de Madrid
metro_098,Conde de Casal,metro_station,,Retiro,,40.4171,-3.6804,person,"Named after Manuel Escriva de Romani y de la Quintana (1871-1954), Count of Casal, a lawyer, politician, senator, and ceramics historian who served in the Madrid city council.",Manuel Escriva de Romani,,M,1871,1954,lawyer; politician; senator,Spanish,,,en.wikipedia.org/wiki/Conde_de_Casal_(Madrid_Metro); dbe.rah.es,verified,6,1979,Metro de Madrid
metro_099,Sainz de Baranda,metro_station,,Retiro,,40.4206,-3.6759,person,"Named after Pedro Sainz de Baranda y Gorriti (1775-1855), considered Madrid's first constitutional mayor (alcalde). He led the city government during the War of Independence and the Liberal Triennium.",Pedro Sainz de Baranda,,M,1775,1855,politician; mayor,Spanish,,,es.wikipedia.org/wiki/Estacion_de_Sainz_de_Baranda; telemadrid.es,verified,6;9,1979,Metro de Madrid
metro_100,Serrano,metro_station,,Salamanca,,40.4251,-3.6830,person,"Named after Calle de Serrano, honouring Francisco Serrano y Dominguez (1810-1885), regent of Spain and general. The street was named after the 1868 revolution.",Francisco Serrano y Dominguez,Q363498,M,1810,1885,regent; general,Spanish,,,es.wikipedia.org/wiki/Estacion_de_Serrano; en.wikipedia.org/wiki/Calle_de_Serrano,verified,4,1944,Metro de Madrid
metro_101,Velazquez,metro_station,,Salamanca,,40.4245,-3.6810,person,"Named after Calle de Velazquez, honouring Diego Velazquez (1599-1660), the great Spanish painter of the Baroque period, famous for 'Las Meninas'.",Diego Velazquez,Q297,M,1599,1660,painter,Spanish,,,es.wikipedia.org/wiki/Estacion_de_Velazquez_(Metro_de_Madrid); museosmetromadrid.es,verified,4,1944,Metro de Madrid
metro_102,Lista,metro_station,,Salamanca,,40.4310,-3.6757,person,"Named after Alberto Lista y Aragon (1775-1848), a mathematician, poet, journalist, and literary critic from Seville. The original street name was changed to Jose Ortega y Gasset in 1955 but the station kept the name.",Alberto Lista,Q2637714,M,1775,1848,mathematician; poet; journalist,Spanish,,,es.wikipedia.org/wiki/Estacion_de_Lista; en.wikipedia.org/wiki/Lista_(Madrid_Metro),verified,4,1932,Metro de Madrid
metro_103,Colon,metro_station,,Centro,,40.4267,-3.6912,person,"Named after the Plaza de Colon, honouring Christopher Columbus (Cristobal Colon), the explorer who reached the Americas in 1492. A 17-metre marble monument (1885) stands in the plaza.",Christopher Columbus,Q7322,M,1451,1506,explorer; navigator,Genoese/Spanish,,,es.wikipedia.org/wiki/Estacion_de_Colon; esmadrid.com,verified,4,1944,Metro de Madrid
metro_104,Republica Argentina,metro_station,,Chamartin,,40.4514,-3.6813,place,"Named after the Plaza de la Republica Argentina, honouring Argentina. Part of the Hispanoamerica neighbourhood where streets are named after Latin American countries.",Argentina (country),Q414,,,,,,,,es.wikipedia.org/wiki/Estacion_de_Republica_Argentina; metro-madrid.es,verified,6,1979,Metro de Madrid
metro_105,Alonso Cano,metro_station,,Chamberi,,40.4402,-3.6991,person,"Named after Calle de Alonso Cano, honouring Alonso Cano (1601-1667), a painter, sculptor, and architect from Granada, known as the 'Spanish Michelangelo'.",Alonso Cano,Q460254,M,1601,1667,painter; sculptor; architect,Spanish,,,es.wikipedia.org/wiki/Estacion_de_Alonso_Cano; crtm.es,verified,7,1998,Metro de Madrid
metro_106,Cuzco,metro_station,,Chamartin,,40.4580,-3.6895,place,"Named after the Plaza de Cuzco, which honours the Peruvian city of Cusco (Cuzco), the historic capital of the Inca Empire. Part of the Latin American naming theme in the Hispanoamerica neighbourhood.",Cusco (city),Q190739,,,,,,,,es.wikipedia.org/wiki/Estacion_de_Cuzco; en.wikipedia.org/wiki/Cuzco_(Madrid_Metro),verified,10,1982,Metro de Madrid
metro_107,Plaza de Castilla,metro_station,,Chamartin,,40.4668,-3.6880,place,"Named after the Plaza de Castilla, a major square at the northern end of Paseo de la Castellana. Named after the historic Crown of Castile.",Plaza de Castilla,,,,,,,,,es.wikipedia.org/wiki/Plaza_de_Castilla; crtm.es,verified,1;9;10,1961,Metro de Madrid
metro_108,Alvarado,metro_station,,Tetuan,,40.4519,-3.6999,person,"Named after Calle de Alvarado, honouring Pedro de Alvarado (c.1485-1541), a Spanish conquistador and captain under Hernan Cortes during the conquest of Mexico and Central America.",Pedro de Alvarado,Q212238,M,1485,1541,conquistador,Spanish,,,es.wikipedia.org/wiki/Estacion_de_Alvarado; telemadrid.es,verified,1,1929,Metro de Madrid
metro_109,Puente de Vallecas,metro_station,,Puente de Vallecas,,40.3990,-3.6736,place,"Named after the Puente de Vallecas district, which references the bridge ('puente') built over the Abroñigal stream that connected Madrid to the Vallecas area.",Puente de Vallecas (bridge to Vallecas),,,,,,,,,en.wikipedia.org/wiki/Puente_de_Vallecas; es.wikipedia.org,verified,1,1923,Metro de Madrid
metro_110,Nueva Numancia,metro_station,,Puente de Vallecas,,40.3955,-3.6669,place,Named after the Nueva Numancia neighbourhood. In 1873 residents petitioned to declare it an independent town named 'Nueva Numancia' after the legendary Celtiberian city of Numancia that resisted Roman siege (133 BC).,Numancia (Celtiberian city),Q28511,,,,,,,,en.wikipedia.org/wiki/Nueva_Numancia_(Madrid_Metro); puentedevallecasblog.wordpress.com,verified,1,1962,Metro de Madrid
metro_111,Portazgo,metro_station,,Puente de Vallecas,,40.3924,-3.6578,historical,"Named after the local area, which references a medieval 'portazgo' (road toll) on the Valencia road at Vallecas. Portazgos were taxes charged for using newly constructed roads.",Portazgo (medieval road toll),,,,,,,,,es.wikipedia.org/wiki/Estacion_de_Portazgo; historiasdecarreteras.com,verified,1,1962,Metro de Madrid
metro_112,Puerta del Angel,metro_station,,Latina,,40.4106,-3.7280,historical,Named after the Puerta del Angel neighbourhood. The name originates from a 1605 ermita built to house an angel figure rescued from the Puerta de Guadalajara after it burned in 1582.,Puerta del Angel (angel gate),,,,,,,,,es.wikipedia.org/wiki/Puerta_del_Angel_(Madrid); cibercom.es,verified,6,1981,Metro de Madrid
metro_113,Alto de Extremadura,metro_station,,Latina,,40.4142,-3.7240,place,"Named after its elevated location ('alto') along the road to Extremadura (Paseo de Extremadura), the historic route from Madrid to the Extremadura region of western Spain.",Extremadura (region/road),,,,,,,,,es.wikipedia.org/wiki/Estacion_de_Alto_de_Extremadura; lineasdelmetro.com,verified,6,1981,Metro de Madrid
metro_114,Lucero,metro_station,,Latina,,40.3935,-3.7442,place,Named after the Lucero neighbourhood in the Latina district. 'Lucero' means 'bright star' or 'morning star' in Spanish.,Lucero (neighbourhood),,,,,,,,,es.wikipedia.org/wiki/Estacion_de_Lucero; crtm.es,probable,6,1983,Metro de Madrid
metro_115,Laguna,metro_station,,Latina,,40.3861,-3.7404,descriptive,"Named after the Laguna neighbourhood. 'Laguna' means 'lagoon' or 'small lake', likely referencing a former body of water in the area.",Laguna (lagoon),,,,,,,,,es.wikipedia.org/wiki/Estacion_de_Laguna; metro-madrid.org,probable,6,1983,Metro de Madrid
metro_116,Aluche,metro_station,,Latina,,40.3887,-3.7507,place,"Named after the Aluche neighbourhood. The name is believed to derive from the Luche stream ('Arroyo de Luche') that ran through the area. Maps noted it as 'A. Luche' (Arroyo Luche), which evolved into 'Aluche'.",Arroyo de Luche (stream),,,,,,,,,historias-matritenses.blogspot.com; madripedia.wikis.cc,probable,5,1961,Metro de Madrid
metro_117,Campamento,metro_station,,Latina,,40.3848,-3.7620,historical,"Named after the Campamento neighbourhood, which references the military camps ('campamentos') that were established in the area. The name dates to 1885 when the mayor of Carabanchel Alto designated the area.",Campamento (military camp),,,,,,,,,en.wikipedia.org/wiki/Campamento_(Madrid); historias-matritenses.blogspot.com,verified,5,1961,Metro de Madrid
metro_118,Batan,metro_station,,Latina,,40.4002,-3.7479,historical,"Named after the Venta del Batan, a historical inn associated with the bull pens ('corrales') where fighting bulls were kept before fights. 'Batan' refers to a fulling mill.",Venta del Batan (inn/fulling mill),,,,,,,,,historias-matritenses.blogspot.com; es.wikipedia.org/wiki/Estacion_de_Batan,verified,10,1961,Metro de Madrid
metro_119,Lago,metro_station,,Latina,,40.4110,-3.7458,descriptive,"Named after the lake ('lago') in the Casa de Campo park, a large artificial lake near this entrance to the park.",Lago de la Casa de Campo (lake),,,,,,,,,historias-matritenses.blogspot.com; es.wikipedia.org/wiki/Estacion_de_Lago,verified,10,1961,Metro de Madrid
metro_120,Casa de Campo,metro_station,,Latina,,40.4025,-3.7538,place,"Named after the Casa de Campo, Madrid's largest public park (1722 hectares). Originally a royal hunting estate acquired by Felipe II in 1562, it was opened to the public in 1931.",Casa de Campo (park),Q1430740,,,,,,,,en.wikipedia.org/wiki/Casa_de_Campo; es.wikipedia.org,verified,5;10,1961,Metro de Madrid
metro_121,Plaza de Espana,metro_station,,Centro,,40.4246,-3.7117,place,"Named after the Plaza de Espana, one of Madrid's major squares featuring monuments to Cervantes and his literary characters Don Quijote and Sancho Panza.",Plaza de Espana,Q1427263,,,,,,,,es.wikipedia.org/wiki/Estacion_de_Plaza_de_Espana; museosmetromadrid.es,verified,3;10,1925,Metro de Madrid
metro_122,Ciudad Universitaria,metro_station,,Moncloa-Aravaca,,40.4460,-3.7233,place,"Named after Madrid's Ciudad Universitaria (University City), home to the Universidad Complutense de Madrid, the Polytechnic University, and UNED. The campus was planned in the 1920s under Alfonso XIII.",Ciudad Universitaria,Q1282271,,,,,,,,es.wikipedia.org/wiki/Estacion_de_Ciudad_Universitaria; en.wikipedia.org/wiki/Ciudad_Universitaria_(Madrid),verified,6,1987,Metro de Madrid
metro_123,Pio XII,metro_station,,Chamartin,,40.4620,-3.6595,person,"Named after the Avenida de Pio XII, honouring Pope Pius XII (Eugenio Pacelli, 1876-1958), who was head of the Catholic Church from 1939 to 1958.",Pope Pius XII,Q37388,M,1876,1958,pope,Italian,,,en.wikipedia.org/wiki/Pio_XII_(Madrid_Metro); es.wikipedia.org/wiki/Estacion_de_Pio_XII,verified,9,1983,Metro de Madrid
metro_124,Duque de Pastrana,metro_station,,Chamartin,,40.4658,-3.6687,person,"Named after the Plaza Duque de Pastrana. The Duchy of Pastrana was created in 1572 by Felipe II for Ruy Gomez de Silva, Prince of Eboli. The area's naming reflects the historical presence of the ducal estate.",Ruy Gomez de Silva (1st Duke of Pastrana),Q529067,M,1516,1573,nobleman; politician,Portuguese/Spanish,,,en.wikipedia.org/wiki/Duque_de_Pastrana_(Madrid_Metro); es.wikipedia.org/wiki/Ducado_de_Pastrana,verified,9,1983,Metro de Madrid
metro_125,Herrera Oria,metro_station,,Fuencarral-El Pardo,,40.4770,-3.6614,person,"Named after Angel Herrera Oria (1886-1968), journalist, educator, Catholic social activist, and priest. He founded the newspaper El Debate and the Catholic Association of Propagandists.",Angel Herrera Oria,Q2623427,M,1886,1968,journalist; priest; educator,Spanish,,,en.wikipedia.org/wiki/Herrera_Oria_(Madrid_Metro); metromadrid.es,verified,9,1983,Metro de Madrid
metro_126,Barrio del Pilar,metro_station,,Fuencarral-El Pardo,,40.4792,-3.6809,religious,"Named after the Barrio del Pilar neighbourhood, which references the Virgen del Pilar (Our Lady of the Pillar), one of Spain's most important Catholic devotions, patron of Zaragoza.",Virgen del Pilar,,,,,,,,,ferrotransmadrid.blogspot.com; es.wikipedia.org/wiki/Estacion_de_Herrera_Oria,probable,9,1983,Metro de Madrid
metro_127,Ventilla,metro_station,,Tetuan,,40.4746,-3.6903,place,"Named after the Ventilla neighbourhood. 'Ventilla' is a diminutive of 'venta' (inn/tavern), suggesting there was a small roadside inn at this location.",Ventilla (small inn),,,,,,,,Sorolla (project name),ferrotransmadrid.blogspot.com; es.wikipedia.org/wiki/Estacion_de_Herrera_Oria,probable,9,1983,Metro de Madrid
metro_128,Mirasierra,metro_station,,Fuencarral-El Pardo,,40.4856,-3.7081,descriptive,"Named after the Mirasierra neighbourhood, meaning 'Mountain View' - referring to the views of the Sierra de Guadarrama visible from the area. The colonia was founded c.1927-1950 as a residential development.",Mirasierra (Mountain View),,,,,,,,,en.wikipedia.org/wiki/Mirasierra; madriddealers.es,verified,9,2002,Metro de Madrid
metro_129,Arganzuela-Planetario,metro_station,,Arganzuela,,40.3889,-3.6905,place,"Named after the Arganzuela district and the Planetario de Madrid (planetarium), located in the nearby Parque Tierno Galvan. Opened in 2007 within an already-operating line.",Arganzuela district + Planetario de Madrid,,,,,,,,,es.wikipedia.org/wiki/Estacion_de_Arganzuela-Planetario; fotonazos.es,verified,6,2007,Metro de Madrid
metro_130,Suanzes,metro_station,,Ciudad Lineal,,40.4381,-3.6130,person,"Named after Juan Antonio Suanzes Fernandez (1891-1977), naval engineer, first president of the Instituto Nacional de Industria (INI), and Minister of Industry under Franco. He was posthumously honoured with the Marquis of Suanzes title in 1960.",Juan Antonio Suanzes,Q6301069,M,1891,1977,naval engineer; minister; INI president,Spanish,,,en.wikipedia.org/wiki/Suanzes_(Madrid_Metro); fnff.es,verified,5,1980,Metro de Madrid
metro_131,Ciudad Lineal,metro_station,,Ciudad Lineal,,40.4346,-3.6201,place,"Named after the Ciudad Lineal district, which takes its name from Arturo Soria's pioneering 'Linear City' urban planning concept (1892-1911).",Ciudad Lineal (district),,,,,,,,,en.wikipedia.org/wiki/Ciudad_Lineal_(Madrid_Metro); es.wikipedia.org,verified,5,1964,Metro de Madrid
metro_132,Quintana,metro_station,,Ciudad Lineal,,40.4338,-3.6307,place,Named after the Plaza de Quintana in the Ciudad Lineal district. The Quintana neighbourhood was developed as part of the broader urban expansion of eastern Madrid.,Quintana (neighbourhood),,,,,,,,,es.wikipedia.org/wiki/Estacion_de_Quintana; en.wikipedia.org/wiki/Quintana_(Madrid),verified,5,1964,Metro de Madrid
metro_133,El Carmen,metro_station,,Ciudad Lineal,,40.4332,-3.6404,religious,"Named after the El Carmen neighbourhood, which likely references the Virgen del Carmen (Our Lady of Mount Carmel), a widely venerated figure in Spanish Catholicism.",Virgen del Carmen,,,,,,,,,es.wikipedia.org/wiki/Estacion_de_El_Carmen; en.wikipedia.org/wiki/El_Carmen_(Madrid_Metro),probable,5,1964,Metro de Madrid
metro_134,Garcia Noblejas,metro_station,,San Blas-Canillejas,,40.4394,-3.6201,person,"Named after the Avenida de los Hermanos Garcia Noblejas, referencing the Garcia-Noblejas brothers, a family of five Falangist members during the Spanish Civil War. The naming is politically controversial.",Hermanos Garcia-Noblejas,,M,,,,Spanish,,,en.wikipedia.org/wiki/Garcia_Noblejas_(Madrid_Metro); manzanareshistoria.es,verified,7,1974,Metro de Madrid
metro_135,Simancas,metro_station,,San Blas-Canillejas,,40.4370,-3.6143,place,"Named after the Simancas neighbourhood, which references the Castilian town of Simancas (Valladolid), famous for the Battle of Simancas (939) and the General Archive of Simancas.",Simancas (town in Valladolid),Q389723,,,,,,,,es.wikipedia.org/wiki/Estacion_de_Simancas; aytosimancas.es,probable,7,1974,Metro de Madrid
metro_136,Las Musas,metro_station,,San Blas-Canillejas,,40.4387,-3.6044,place,"Named after the Las Musas neighbourhood, referencing the Muses of Greek mythology. The area was a residential colony (colonia) in the Canillejas zone with mythological and classical street names.",Las Musas (The Muses),,,,,,,,,es.wikipedia.org/wiki/Estacion_de_Las_Musas; metro-madrid.org,probable,7,1974,Metro de Madrid
metro_137,San Blas,metro_station,,San Blas-Canillejas,,40.4377,-3.6088,religious,"Named after the San Blas neighbourhood, honouring Saint Blaise, a 4th-century Armenian bishop and martyr who is the patron saint of throat ailments.",Saint Blaise,Q160199,,,,,,,,en.wikipedia.org/wiki/San_Blas; es.wikipedia.org,probable,7,1974,Metro de Madrid
metro_138,Pueblo Nuevo,metro_station,,Ciudad Lineal,,40.4355,-3.6252,descriptive,"Named after the Pueblo Nuevo neighbourhood, meaning 'New Town'. The area developed as a new settlement on the outskirts of Madrid in the 19th-20th centuries.",Pueblo Nuevo (New Town),,,,,,,,,en.wikipedia.org/wiki/Pueblo_Nuevo; es.wikipedia.org,verified,5;7,1964,Metro de Madrid
metro_139,Pinar del Rey,metro_station,,Hortaleza,,40.4695,-3.6425,descriptive,"Named after the Pinar del Rey neighbourhood, meaning 'King's Pine Grove', referencing a historical royal pine forest in the Hortaleza district.",Pinar del Rey (King's Pine Grove),,,,,,,,,es.wikipedia.org/wiki/Estacion_de_Pinar_del_Rey; en.wikipedia.org/wiki/Pinar_del_Rey_(Madrid),verified,8,2007,Metro de Madrid
metro_140,Bambú,metro_station,,Chamartin,,40.4738,-3.6719,descriptive,"Named after the Calle Bambu in the Chamartin district. The street name references the bamboo plant, part of a botanical naming theme in the neighbourhood.",Bambu (bamboo plant),,,,,,,,,es.wikipedia.org/wiki/Estacion_de_Bambu; metro-madrid.es,verified,1,2007,Metro de Madrid
metro_141,Estrella,metro_station,,Retiro,,40.4112,-3.6632,place,Named after the Estrella neighbourhood in the Retiro district. The station is located beneath the M-30 motorway near the Calle Estrella Polar.,Estrella (neighbourhood),,,,,,,,,es.wikipedia.org/wiki/Estacion_de_Estrella; metro-madrid.org,verified,9,1980,Metro de Madrid
metro_142,Vinateros,metro_station,,Moratalaz,,40.4012,-3.6570,historical,"Named after the Camino de Vinateros, an old path used by wine merchants ('vinateros') who transported wine through this area south of Madrid.",Vinateros (wine merchants),,,,,,,,,es.wikipedia.org/wiki/Estacion_de_Vinateros_(Metro_de_Madrid); metro-madrid.org,probable,9,1980,Metro de Madrid
metro_143,Artilleros,metro_station,,Moratalaz,,40.3976,-3.6580,historical,"Named after the Pico de Artilleros, referencing artillerymen ('artilleros'). The military name reflects the historical presence of military installations in the area.",Artilleros (artillerymen),,,,,,,,,es.wikipedia.org/wiki/Estacion_de_Artilleros; metro-madrid.org,probable,9,1980,Metro de Madrid
metro_144,Avenida de America,metro_station,,Salamanca,,40.4388,-3.6657,place,"Named after the Avenida de America, a major avenue in Madrid named to honour the Americas. The station is a major multimodal transport hub.",Avenida de America (the Americas),,,,,,,,,es.wikipedia.org/wiki/Estacion_de_Avenida_de_America; esmadrid.com,verified,4;6;7;9,1973,Metro de Madrid
metro_145,Cartagena,metro_station,,Ciudad Lineal,,40.4406,-3.6586,place,"Named after Calle de Cartagena, referencing the historic port city of Cartagena in the Murcia region of southeastern Spain.",Cartagena (city),Q12225,,,,,,,,en.wikipedia.org/wiki/Cartagena_(Madrid_Metro); es.wikipedia.org,probable,7,1975,Metro de Madrid
metro_146,Antonio Machado,metro_station,,Moncloa-Aravaca,,40.4524,-3.7184,person,"Named after Antonio Machado (1875-1939), one of Spain's greatest poets of the Generation of '98. His most famous work is 'Campos de Castilla'. He died in exile in Collioure, France.",Antonio Machado,Q63146,M,1875,1939,poet,Spanish,,,es.wikipedia.org/wiki/Estacion_de_Antonio_Machado; en.wikipedia.org,verified,7,1999,Metro de Madrid
metro_147,Valdezarza,metro_station,,Moncloa-Aravaca,,40.4492,-3.7152,descriptive,"Named after the Valdezarza neighbourhood in the Moncloa-Aravaca district. 'Valdezarza' likely derives from 'valle de zarza' (bramble valley), referencing wild blackberry bushes in the area.",Valdezarza (Bramble Valley),,,,,,,,,metromadrid.es; es.wikipedia.org/wiki/Estacion_de_Valdezarza_(Metro_de_Madrid),probable,7,1999,Metro de Madrid
metro_148,Colonia Jardin,metro_station,,Latina,,40.3847,-3.7721,place,"Named after the Colonia Jardin housing development, a 'garden colony' (colonia jardin) inspired by the early 20th-century garden city movement promoting green residential spaces.",Colonia Jardin (Garden Colony),,,,,,,,,es.wikipedia.org/wiki/Estacion_de_Colonia_Jardin; metromadrid.es,verified,10,2002,Metro de Madrid
metro_149,Opanel,metro_station,,Carabanchel,,40.3868,-3.7158,place,Named after the Opanel neighbourhood in the Carabanchel district. The origin of the name 'Opanel' is unclear but may derive from a local family name or estate.,Opanel (neighbourhood),,,,,,,,,es.wikipedia.org/wiki/Estacion_de_Opanel; lineasdelmetro.com,unknown,6,1981,Metro de Madrid
metro_150,Rivas Vaciamadrid,metro_station,,,,40.3354,-3.5238,place,"Named after the municipality of Rivas-Vaciamadrid. 'Rivas' comes from Guillermo Rivas, an 11th-century military founder. 'Vaciamadrid' derives from Arabic 'Fahs al-Mayrit' (field of Madrid).",Rivas-Vaciamadrid (municipality),Q174553,,,,,,,,diarioderivas.es; en.wikipedia.org/wiki/Rivas-Vaciamadrid,verified,9,1999,Metro de Madrid
metro_151,Julian Besteiro,metro_station,,,,40.3354,-3.7679,person,"Named after Julian Besteiro Fernandez (1870-1940), socialist politician who served as President of the Cortes Constituyentes during the Second Republic and as president of PSOE and UGT.",Julian Besteiro,Q722120,M,1870,1940,politician; academic,Spanish,,,es.wikipedia.org/wiki/Estacion_de_Julian_Besteiro; congreso.es,verified,12,2003,Metro de Madrid
metro_152,Juan de la Cierva,metro_station,,,,40.3128,-3.7207,person,"Named after Juan de la Cierva y Codorniu (1895-1936), the engineer from Murcia who invented the autogiro (autogyro), the precursor to the helicopter, which first flew successfully in 1923.",Juan de la Cierva,Q529505,M,1895,1936,engineer; inventor; aviator,Spanish,,,en.wikipedia.org/wiki/Juan_de_la_Cierva_(Madrid_Metro); comunidad.madrid,verified,12,2003,Metro de Madrid
metro_153,Alonso de Mendoza,metro_station,,,,40.3098,-3.7108,person,"Named after Alonso de Mendoza, a nobleman from Getafe. Sometimes confused with the Spanish conquistador Alonso de Mendoza who founded La Paz, Bolivia in 1548.",Alonso de Mendoza (Getafe nobleman),,M,,,nobleman,Spanish,,,en.wikipedia.org/wiki/Alonso_de_Mendoza_(Madrid_Metro); es.wikipedia.org/wiki/Estacion_de_Alonso_de_Mendoza,probable,12,2003,Metro de Madrid
metro_154,Hospital Severo Ochoa,metro_station,,,,40.3320,-3.7599,person,"Named after the Hospital Severo Ochoa in Leganes, which is named after Severo Ochoa de Albornoz (1905-1993), the Asturian biochemist who won the 1959 Nobel Prize in Physiology or Medicine for RNA synthesis research.",Severo Ochoa,Q211725,M,1905,1993,biochemist; Nobel laureate,Spanish,,,es.wikipedia.org/wiki/Estacion_de_Hospital_Severo_Ochoa; nationalgeographic.com.es,verified,12,2003,Metro de Madrid
metro_155,Reyes Catolicos,metro_station,,,,40.5432,-3.6124,person,"Named after the Reyes Catolicos (Catholic Monarchs): Queen Isabella I of Castile (1451-1504) and King Ferdinand II of Aragon (1452-1516), who unified Spain and sponsored Columbus's voyage.",Reyes Catolicos (Isabella I and Ferdinand II),Q187923,,1451,,monarchs,Spanish,,,en.wikipedia.org/wiki/Reyes_Catolicos; es.wikipedia.org,verified,10,2007,Metro de Madrid
metro_156,Manuel de Falla,metro_station,,,,40.5274,-3.6345,person,"Named after Manuel de Falla (1876-1946), one of Spain's most important classical composers, known for works like 'Noches en los Jardines de Espana' and 'El Amor Brujo'.",Manuel de Falla,Q193364,M,1876,1946,composer,Spanish,,,en.wikipedia.org/wiki/Manuel_de_Falla; es.wikipedia.org,verified,10,2007,Metro de Madrid
metro_157,Marqués de la Valdavia,metro_station,,,,40.5207,-3.6400,person,"Named after the Marques de la Valdavia, a noble title associated with the Alcobendas area. The title was held by local landowners with significant historical presence in the municipality.",Marques de la Valdavia,,M,,,nobleman,Spanish,,,es.wikipedia.org/wiki/Linea_10_(Metro_de_Madrid); crtm.es,probable,10,2007,Metro de Madrid
