id,name,type,subtype,district,neighbourhood,latitude,longitude,etymology_type,etymology_summary,named_after,named_after_wikidata,person_gender,person_birth_year,person_death_year,person_profession,person_nationality,naming_date,previous_names,source,confidence,etymology_summary_es,named_after_es
street_001,Calle de Alcalá,street,calle,Centro,,40.4189,-3.7014,place,"Named as the main road leading to Alcala de Henares, the ancient Roman city of Complutum east of Madrid. One of the longest and oldest streets in Madrid.",Alcala de Henares,Q46940,,,,,,,,Wikipedia; Madripedia,verified,"Nombrada como el camino principal que conducía a Alcalá de Henares, la antigua ciudad romana de Complutum, al este de Madrid. Una de las calles más largas y antiguas de Madrid.",Alcalá de Henares
street_002,Gran Vía,street,avenida,Centro,,40.4210,-3.7050,descriptive,"'Great Way' -- Madrid's grand east-west boulevard, built 1910-1929 by demolishing hundreds of old buildings to create a modern commercial thoroughfare. Project proposed by Carlos Velasco in 1886.",Gran Vía,Q1324163,,,,,,1910,,,es.wikipedia.org/wiki/Gran_V%C3%ADa_(Madrid); MadridMobilite; comunidad.madrid,"'Gran Vía': el gran bulevar madrileño de este a oeste, construido entre 1910 y 1929 demoliendo centenares de edificios antiguos para abrir una moderna arteria comercial. Proyecto propuesto por Carlos Velasco en 1886.",Gran Vía
street_003,Calle de Preciados,street,calle,Centro,,40.4183,-3.7053,person,"Named after the Preciado family, landowners who owned property along this street since medieval times. The name was already documented in the 15th century.",Familia Preciado,,,,,,,,,Madripedia; Wikipedia,verified,"Debe su nombre a la familia Preciado, propietarios de tierras a lo largo de esta calle desde la Edad Media. El nombre ya estaba documentado en el siglo XV.",Familia Preciado
street_004,Calle del Arenal,street,calle,Centro,,40.4173,-3.7077,descriptive,From 'arenal' (sandy ground). The street was built over a sandy terrain/streambed. A common descriptive name for areas with sandy soil.,,,,,,,,,,Madripedia; Wikipedia,verified,De 'arenal' (terreno arenoso). La calle se trazó sobre un terreno de arena o lecho de arroyo. Nombre descriptivo habitual para zonas de suelo arenoso.,
street_005,Calle de los Cuchilleros,street,calle,Centro,,40.4140,-3.7075,occupation,Named after the knife-makers ('cuchilleros') whose workshops lined this street near the Plaza Mayor. One of the classic trade-guild street names of medieval Madrid.,,,,,,,,,,Madripedia; es.wikipedia.org/wiki/Calle_de_Cuchilleros; callesdemadrid.cc,verified,Debe su nombre a los cuchilleros cuyos talleres se alineaban en esta calle junto a la Plaza Mayor. Uno de los nombres gremiales clásicos del Madrid medieval.,
street_006,Calle de Esparteros,street,calle,Centro,,40.4164,-3.7032,occupation,"Named after the esparto grass weavers ('esparteros') who had their workshops here, making baskets, mats, and sandals from esparto fiber.",,,,,,,,,,Madripedia; es.wikipedia.org/wiki/Calle_de_los_Esparteros; callesdemadrid.cc,verified,"Debe su nombre a los esparteros que tenían aquí sus talleres, fabricando cestas, esteras y alpargatas con fibra de esparto.",
street_007,Calle de Latoneros,street,calle,Centro,,40.4145,-3.7070,occupation,Named after the brass/tin workers ('latoneros') who operated workshops in this area near the Plaza Mayor.,,,,,,,,,,Madripedia; callesdemadrid.cc,verified,Debe su nombre a los latoneros que operaban talleres en esta zona cercana a la Plaza Mayor.,
street_008,Calle de Cabestreros,street,calle,Centro,,40.4083,-3.7011,occupation,Named after the rope/halter makers ('cabestreros') who produced cabestros (halters/lead ropes) for livestock. Part of the medieval guild street naming pattern.,,,,,,,,,,Madripedia; callesdemadrid.cc,verified,"Debe su nombre a los cabestreros, fabricantes de cabestros (ronzales/cabezadas) para el ganado. Forma parte del patrón medieval de denominación gremial de las calles.",
street_009,Calle de Toledo,street,calle,Centro,,40.4092,-3.7066,place,"Named as the ancient road leading south from Madrid to Toledo, the former capital of Castile. One of the oldest documented street names in Madrid.",Toledo,Q5836,,,,,,,,Madripedia; Wikipedia,verified,"Nombrada como el antiguo camino que partía al sur de Madrid hacia Toledo, la antigua capital de Castilla. Uno de los nombres de calle más antiguos documentados en Madrid.",Toledo
street_010,Calle de Segovia,street,calle,Centro,,40.4130,-3.7128,place,Named as the road leading northwest to Segovia. Follows the route of an ancient path that descended from the Moorish alcazar toward the Manzanares river.,Segovia,Q15684,,,,,,,,Madripedia; Wikipedia,verified,Nombrada como el camino que se dirigía al noroeste hacia Segovia. Sigue el trazado de una antigua senda que descendía desde el alcázar árabe hacia el río Manzanares.,Segovia
street_011,Calle de Hortaleza,street,calle,Centro,,40.4227,-3.6995,place,Named as the road leading north to the village of Hortaleza (now a district of Madrid). The name Hortaleza itself has disputed etymology (orchards or sunrise).,Hortaleza,,,,,,,,,Madripedia; Wikipedia,verified,Nombrada como el camino que se dirigía al norte hacia la aldea de Hortaleza (hoy distrito de Madrid). El nombre Hortaleza tiene etimología disputada (huertos o amanecer).,Hortaleza
street_012,Calle de Fuencarral,street,calle,Centro,,40.4234,-3.7012,place,Named as the road leading north to the village of Fuencarral ('Fuente del Carral' -- a water source). Now a major shopping street.,Fuencarral,,,,,,,,,Madripedia; Wikipedia,verified,"Nombrada como el camino que se dirigía al norte hacia la aldea de Fuencarral ('Fuente del Carral', un manantial). Hoy es una importante calle comercial.",Fuencarral
street_013,Paseo del Prado,street,paseo,Retiro,,40.4135,-3.6921,descriptive,'Prado' means meadow (from Latin pratum). Named after the meadow that existed along the eastern edge of the old city. The paseo (promenade) was developed in the 18th century under Carlos III. Part of the UNESCO-listed 'Landscape of Light' (2021).,,,,,,,,,,es.wikipedia.org/wiki/Paseo_del_Prado; museodelprado.es; Madripedia,verified,'Prado' significa pradera (del latín pratum). Nombrado por la pradera que existía en el borde oriental de la ciudad antigua. El paseo se desarrolló en el siglo XVIII bajo Carlos III. Forma parte del 'Paisaje de la Luz' declarado Patrimonio de la UNESCO (2021).,
street_014,Paseo de la Castellana,street,paseo,Chamartín,,40.4473,-3.6895,historical,"Named after the 'Paseo Nuevo de las Delicias de la Princesa' and later 'Paseo de la Fuente Castellana', referring to a fountain with water from a 'castellana' (castle-related source). Madrid's main north-south artery.",,,,,,,,,,es.wikipedia.org/wiki/Paseo_de_la_Castellana; Madripedia; callesdemadrid.cc,verified,"Nombrado a partir del 'Paseo Nuevo de las Delicias de la Princesa' y posteriormente 'Paseo de la Fuente Castellana', en referencia a una fuente cuya agua procedía de una 'castellana' (fuente vinculada a un castillo). Principal arteria norte-sur de Madrid.",
street_015,Calle de Arturo Soria,street,calle,Ciudad Lineal,,40.4570,-3.6300,person,"Named after Arturo Soria y Mata (1844-1920), visionary urbanist who designed the Ciudad Lineal (Linear City) concept, a pioneering model of urban planning built 1892-1911. This 15km boulevard was the spine of his utopian urban plan.",Arturo Soria,Q715548,M,1844,1920,engineer; urban planner; journalist,Spanish,,,es.wikipedia.org/wiki/Calle_de_Arturo_Soria; revivemadrid.com; callesdemadrid.cc,verified,"Debe su nombre a Arturo Soria y Mata (1844-1920), urbanista visionario que diseñó el concepto de la Ciudad Lineal, un modelo pionero de planificación urbana construido entre 1892 y 1911. Este bulevar de 15 km fue la columna vertebral de su plan urbanístico utópico.",Arturo Soria
street_016,Calle Mayor,street,calle,Centro,,40.4154,-3.7092,descriptive,"'Main Street' -- one of the oldest streets in Madrid, following the route from the Moorish alcazar (now Royal Palace) eastward. Historically the most important commercial and ceremonial route.",,,,,,,,,,Madripedia; Wikipedia,verified,"'Calle Mayor' = calle principal: una de las más antiguas de Madrid, que sigue la ruta desde el alcázar árabe (hoy Palacio Real) hacia el este. Históricamente la vía comercial y ceremonial más importante.",
street_017,Calle de la Princesa,street,calle,Moncloa-Aravaca,,40.4318,-3.7203,person,"Named after Princess Isabel (later Isabel II, 1830-1904), when she was still princess. One of the main arteries connecting the city center to the western outskirts.",Isabel II,Q183085,F,1830,1904,queen,Spanish,,,es.wikipedia.org/wiki/Calle_de_la_Princesa_(Madrid); Madripedia; callesdemadrid.cc,probable,"Debe su nombre a la princesa Isabel (futura Isabel II, 1830-1904), cuando aún era princesa. Una de las arterias principales que conectan el centro con las afueras occidentales.",Isabel II
street_018,Calle de Serrano,street,calle,Salamanca,,40.4326,-3.6837,person,"Named after Francisco Serrano y Domínguez (1810-1885), Duke of la Torre, military leader and regent of Spain (1869-1871) during the Revolutionary Sexennium. The street was named after the 1868 revolution.",Francisco Serrano y Domínguez,Q515741,M,1810,1885,military; regent,Spanish,,,es.wikipedia.org/wiki/Estacion_de_Serrano; en.wikipedia.org/wiki/Calle_de_Serrano; callesdemadrid.cc,verified,"Debe su nombre a Francisco Serrano y Domínguez (1810-1885), duque de la Torre, militar y regente de España (1869-1871) durante el Sexenio Revolucionario. La calle recibió su nombre tras la revolución de 1868.",Francisco Serrano y Domínguez
street_019,Calle de Velázquez,street,calle,Salamanca,,40.4295,-3.6789,person,"Named after Diego Velázquez (1599-1660), the great painter of the Spanish Golden Age, court painter to Felipe IV. Author of 'Las Meninas'.",Diego Velázquez,Q297,M,1599,1660,painter,Spanish,,,es.wikipedia.org/wiki/Estacion_de_Velazquez_(Metro_de_Madrid); museodelprado.es; callesdemadrid.cc,verified,"Debe su nombre a Diego Velázquez (1599-1660), el gran pintor del Siglo de Oro español, pintor de cámara de Felipe IV. Autor de 'Las Meninas'.",Diego Velázquez
street_020,Calle de Cervantes,street,calle,Centro,Barrio de las Letras,40.4137,-3.6967,person,"Named after Miguel de Cervantes (1547-1616), author of Don Quixote, who lived and died on this street (then called Calle de Francos). The house where he died was at #2.",Miguel de Cervantes,Q5682,M,1547,1616,writer,Spanish,,,Wikipedia; Madripedia,verified,"Debe su nombre a Miguel de Cervantes (1547-1616), autor del Quijote, que vivió y murió en esta calle (entonces llamada calle de Francos). La casa donde falleció estaba en el n.º 2.",Miguel de Cervantes
street_021,Calle de Lope de Vega,street,calle,Centro,Barrio de las Letras,40.4136,-3.6960,person,"Named after Lope de Vega (1562-1635), the prolific Golden Age playwright ('Monster of Nature'). His house at #11 is now a museum.",Lope de Vega,Q165257,M,1562,1635,playwright; poet,Spanish,,,es.wikipedia.org/wiki/Lope_de_Vega; Madripedia; callesdemadrid.cc,verified,"Debe su nombre a Lope de Vega (1562-1635), el prolífico dramaturgo del Siglo de Oro ('Monstruo de la Naturaleza'). Su casa en el n.º 11 es hoy un museo.",Lope de Vega
street_022,Calle de Quevedo,street,calle,Centro,,40.4258,-3.7002,person,"Named after Francisco de Quevedo (1580-1645), poet and prose writer of the Spanish Golden Age, famous for his picaresque novel 'El Buscon'.",Francisco de Quevedo,Q201315,M,1580,1645,writer; poet,Spanish,,,es.wikipedia.org/wiki/Estacion_de_Quevedo; Madripedia; callesdemadrid.cc,verified,"Debe su nombre a Francisco de Quevedo (1580-1645), poeta y prosista del Siglo de Oro español, célebre por su novela picaresca 'El Buscón'.",Francisco de Quevedo
street_023,Calle del Limón,street,calle,Centro,,40.4160,-3.7120,descriptive,Named after a lemon tree ('limon') that grew at this location. One of many Madrid streets named after trees or plants.,,,,,,,,,,Madripedia; callesdemadrid.cc,probable,Nombrada por un limonero ('limón') que crecía en este lugar. Una de las muchas calles madrileñas que llevan nombre de árboles o plantas.,
street_024,Calle del Almendro,street,calle,Centro,,40.4098,-3.7090,descriptive,Named after an almond tree ('almendro') that grew in the area. Part of the traditional pattern of naming streets after local vegetation.,,,,,,,,,,Madripedia; callesdemadrid.cc,probable,Nombrada por un almendro que crecía en la zona. Forma parte de la tradición de nombrar calles según la vegetación local.,
street_025,Calle de la Ruda,street,calle,Centro,,40.4080,-3.7088,descriptive,"Named after the rue plant ('ruda', Ruta graveolens), an herb used in traditional medicine and believed to ward off evil spirits.",,,,,,,,,,Madripedia; callesdemadrid.cc,probable,"Debe su nombre a la ruda (Ruta graveolens), una hierba utilizada en la medicina tradicional y a la que se atribuía el poder de ahuyentar los malos espíritus.",
street_026,Calle de la Fe,street,calle,Centro,Lavapiés,40.4080,-3.7000,descriptive,"'Street of Faith' -- named after the abstract concept of faith ('fe'). Part of a cluster of streets in Lavapies named after virtues (Fe, Esperanza, Amor de Dios).",,,,,,,,,,Madripedia; Wikipedia,probable,"'Calle de la Fe': nombrada por el concepto abstracto de la fe. Forma parte de un grupo de calles de Lavapiés con nombres de virtudes (Fe, Esperanza, Amor de Dios).",
street_027,Calle de la Esperanza,street,calle,Centro,Lavapiés,40.4072,-3.7003,descriptive,'Street of Hope' -- named after the virtue of hope ('esperanza'). Part of the virtues cluster with Fe and Amor de Dios.,,,,,,,,,,Madripedia; callesdemadrid.cc,probable,'Calle de la Esperanza': nombrada por la virtud de la esperanza. Forma parte del grupo de calles de las virtudes junto con Fe y Amor de Dios.,
street_028,Calle Amor de Dios,street,calle,Centro,Lavapiés,40.4108,-3.6982,religious,'Love of God Street' -- named after a religious concept. Part of the virtues cluster near Lavapies. Known today as the birthplace of flamenco tablaos in Madrid.,,,,,,,,,,Madripedia; callesdemadrid.cc,probable,'Calle del Amor de Dios': nombrada por un concepto religioso. Forma parte del grupo de calles de las virtudes cerca de Lavapiés. Hoy es conocida como cuna de los tablaos flamencos en Madrid.,
street_029,Calle de Atocha,street,calle,Centro,,40.4106,-3.6954,descriptive,"Named after the atocha/esparto grass (Stipa tenacissima) that grew in the area, leading to the Basílica de Nuestra Señora de Atocha.",,,,,,,,,,Madripedia; Wikipedia,verified,"Nombrada por la atocha/esparto (Stipa tenacissima) que crecía en la zona, en dirección a la Basílica de Nuestra Señora de Atocha.",
street_030,Calle de la Cuesta de Santo Domingo,street,cuesta,Centro,,40.4205,-3.7107,religious,"Named after the Convento de Santo Domingo el Real, a major Dominican convent founded in 1218. 'Cuesta' refers to the hill/slope leading up to it.",Convento de Santo Domingo el Real,,,,,,,,,Madripedia; es.wikipedia.org/wiki/Estacion_de_Santo_Domingo; callesdemadrid.cc,verified,"Debe su nombre al Convento de Santo Domingo el Real, un importante convento dominico fundado en 1218. 'Cuesta' alude a la pendiente que asciende hacia él.",Convento de Santo Domingo el Real
