name,etymology_wikidata_ids,etymology_text,highway_types,osm_way_count
Anillo Verde Ciclista,Q24036428,,cycleway;footway,74
Autovía de Toledo,Q789292,,motorway,13
Autovía del Este,Q789271,,motorway,6
Autovía del Nordeste,Q776532,,motorway;motorway_link,30
Autovía del Norte,Q789245,,motorway,11
Autovía del Suroeste,Q2744396,,construction;motorway,45
Avenida Aurora Boreal,Q40609,,footway,1
Avenida Blas de Lezo,Q881760,,construction;secondary,19
Avenida Camino de Santiago,Q41150,,residential;tertiary,38
Avenida Ensanche de Vallecas,Q3847485,,primary;residential;secondary;tertiary,60
Avenida Felipe II,Q34417,,residential,6
Avenida Miguel Delibes,Q157326,,construction;secondary,19
Avenida de Alberto Alcocer,Q3813689,,residential;secondary,25
Avenida de América,Q5686040,,living_street;motorway;motorway_link;primary;residential;tertiary;unclassified,99
Avenida de Betanzos,Q671341,,residential;service;tertiary,24
Avenida de Buenos Aires,Q1486,,secondary,11
Avenida de Concha Espina,Q3751269,,construction;secondary,13
Avenida de Daroca,Q978587,,residential;secondary;tertiary,24
Avenida de Felipe II,Q34417,,pedestrian,1
Avenida de Filipinas,Q928,,primary;tertiary,6
Avenida de Francisco Pi y Margall,Q450271,,residential;tertiary,36
Avenida de Guadalajara,Q11953,,residential;tertiary,6
Avenida de Isabel de Valois,Q176041,,residential,2
Avenida de Jaca,Q49581,,residential,3
Avenida de Juan Antonio Samaranch,Q171166,,residential;secondary;tertiary,30
Avenida de La Gavia,Q5706141,,primary,16
Avenida de Logroño,Q14325,,residential;secondary;service,16
Avenida de Luis Aragonés,Q576614,,primary;residential,9
Avenida de Menéndez Pelayo,Q716799,,residential;secondary;tertiary_link,33
Avenida de Monforte de Lemos,Q818341,,primary;residential;service;tertiary,50
Avenida de Nazaret,Q430776,,secondary,5
Avenida de Niceto Alcalá Zamora,Q313785,,residential;tertiary,38
Avenida de Niza,Q33959,,residential;tertiary,7
Avenida de Nuestra Señora de Fátima,Q719524,,tertiary,11
Avenida de Orcasur,Q10341270,,living_street;residential,16
Avenida de Pablo Iglesias,Q450299,,residential;tertiary,48
Avenida de Pablo Neruda,Q34189,,secondary,16
Avenida de Pi i Margall,Q450271,,tertiary,2
Avenida de Pío XII,Q2604,,motorway_link;primary_link;secondary;service;tertiary,32
Avenida de Rafaela Ybarra,Q2636771,,primary;secondary;service,31
Avenida de Ramón y Cajal,Q150526,,secondary,30
Avenida de San Fermín,Q468206,,residential,3
Avenida de San Luis,Q346,,residential;tertiary,25
Avenida de Santo Domingo de la Calzada,Q646564,,residential;tertiary,44
Avenida de Secundino Zuazo,Q3321038,,tertiary,11
Avenida de Trajano,Q1425,,residential,1
Avenida de Valladolid,Q8356,,primary;primary_link;residential,14
Avenida de la Ciudad de Barcelona,Q1492,,construction;primary;residential,47
Avenida de la Gran Vía de Hortaleza,Q1928529,,residential;secondary,24
Avenida de la Reina Victoria,Q160001,,primary;tertiary,25
Avenida de la Villa de Vallecas,Q1947988,,residential,11
Avenida de la Virgen del Carmen,Q1065053,,residential,2
Avenida de las Fuerzas Armadas,Q326991,,residential;tertiary,10
Avenida de las Fuerzas Armadas (lateral),Q326991,,residential,4
Avenida de las Trece Rosas,Q2663099,,tertiary,3
Avenida de los Fueros,Q5870496,,residential,1
Avenida de los Poblados,Q26795575,,primary;primary_link;residential;unclassified,140
Avenida del Cardenal Herrera Oria,Q251711,,residential;secondary;secondary_link;service;steps;tertiary;tertiary_link,160
Avenida del Comandante Franco,Q29179,,residential,3
Avenida del Doctor Federico Rubio y Galí,Q5857841,,residential,6
Avenida del Doctor García Tapia,Q5698437,,motorway_link;primary;secondary;secondary_link;tertiary,38
Avenida del Ingeniero Emilio Herrera,Q3052333,,primary;residential;tertiary;tertiary_link,30
Avenida del Parque de Palomeras Bajas,Q10343902,,residential,7
Avenida del Planetario,Q17622122,,primary,19
Bajos de Argüelles,Q6392595,,pedestrian,3
Bucarest,Q19660,,pedestrian,1
Bulevar Indalecio Prieto,Q433615,,residential,1
Bulevar de Indalecio Prieto,Q433615,,residential;service;tertiary,12
Calle 30,Q2606591,,motorway,14
Calle Abegondo,Q318323,,living_street,3
Calle Abárzuza,Q1636186,,living_street;residential,2
Calle Adrián Pulido,Q28744716,,footway;living_street;residential;steps,5
Calle Aguilar de Campoo,Q398349,,residential,8
Calle Agustín Querol,Q4694649,,residential;service,2
Calle Alabastro,Q143447,,pedestrian,1
Calle Alberche,Q16513,,living_street;pedestrian,2
Calle Alcalde Luis Silvela,Q3266825,,residential,1
Calle Aldea del Fresno,Q607467,,residential,2
Calle Alejandro Ferrant,Q2595467,,residential,2
Calle Alfa,Q9659,,residential,2
Calle Algete,Q472604,,residential,1
Calle Aljarafe,Q1323868,,residential,1
Calle Almadén,Q465085,,pedestrian;residential,3
Calle Almarza,Q828668,,residential,5
Calle Almuradiel,Q1632554,,footway;residential,10
Calle Amaltea,Q107785,,service,1
Calle Amapola,Q146391,,residential,1
Calle Andrés de Urdaneta,Q316780,,residential,1
Calle Antonia Mercé,Q292658,,service,1
Calle Antonio Gades,Q561048,,residential,2
Calle Anunciación,Q154326,,residential,1
Calle Aravaca,Q26203094,,residential;steps,3
Calle Arciniega,Q587131,,footway;pedestrian;residential,7
Calle Arenas del Rey,Q550981,,residential,1
Calle Armando Palacio Valdés,Q645141,,residential,1
Calle Armónica,Q51290,,residential,1
Calle Arpa,Q47369,,residential,1
Calle Artajona,Q1645743,,residential,2
Calle Arte Pop,Q134147,,residential;service,2
Calle Atalaya,Q107168510,,living_street,2
Calle Aviador Franco,Q704616,,residential,1
Calle Balaguer,Q696797,,residential;service,2
Calle Baleares,Q5765,,residential,2
Calle Baños de Montemayor,Q1646296,,residential,1
Calle Baños de Valdearados,Q929461,,living_street;pedestrian,4
Calle Beatriz de Bobadilla,Q20100559,,residential,1
Calle Belmez,Q970766,,residential,1
Calle Benamejí,Q975728,,residential,3
Calle Berenjena,Q24666817,,pedestrian,1
Calle Berlanga de Duero,Q178684,,residential;unclassified,2
Calle Bobby Deglané,Q5730881,,living_street,1
Calle Bohonal,Q1645052,,residential,3
Calle Bolaños,Q1613546,,residential,1
Calle Bolívar,Q8605,,residential,7
Calle Borjas Blancas,Q928006,,residential,2
Calle Botoneras,Q28050982,,pedestrian,2
Calle Bravo,Q9705,,residential,1
Calle Bretón de los Herreros,Q3774440,,residential,1
Calle Bulgaria,Q219,,residential,2
Calle Burgo de Osma,Q485129,,residential,7
Calle Cabo de Creus,Q1034193,,residential,1
Calle Campillo de Arenas,Q780608,,residential,2
Calle Cardeña,Q1645727,,residential,1
Calle Casado del Alisal,Q1403817,,residential,1
Calle Castiello de Jaca,Q784295,,residential,24
Calle Catania,Q1903,,residential,1
Calle Cazorla,Q518339,,residential,1
Calle Cervantes,Q20014008,,living_street,1
Calle Cervera,Q847011,,residential,1
Calle Charlie,Q9820,,residential,2
Calle Chirivel,Q1048769,,residential,1
Calle Cilantro,Q41611,,residential;tertiary,9
Calle Cirauqui,Q206308,,residential,1
Calle Circón,Q178928,,pedestrian;residential,3
Calle Cleopatra,Q4430,,pedestrian,1
Calle Coco Chanel,Q45661,,living_street,1
Calle Concejo de Teverga,Q692118,,residential,2
Calle Conchita Montenegro,Q2991961,,living_street,1
Calle Covaleda,Q829758,,residential,1
Calle Cruz del Sur,Q10542,,construction;residential,9
Calle Cuevas de Almanzora,Q1048762,,pedestrian;residential;service,13
Calle César Manrique,Q581285,,tertiary,7
Calle Daniel Urrabieta,Q627132,,residential,3
Calle Delta,Q9884,,residential,1
Calle Divino Vallés,Q5484026,,residential,4
Calle Doctor Esquerdo,Q9014392,,residential,1
Calle Doctor Ramón Castroviejo,Q4216907,,residential,6
Calle Dresde,Q1731,,residential,1
Calle Echo,Q9907,,residential,2
Calle El Bosco,Q130531,,residential,19
Calle El Padrino,Q47703,,footway;pedestrian;residential,4
Calle Enrique de Aldama,Q11919404,,residential,3
Calle Ercilla,Q357620,,pedestrian,1
Calle Espalter,Q4892844,,residential,5
Calle Espinal,Q476985,,residential,1
Calle Estella,Q646620,,residential,2
Calle Estrella Denébola,Q13015,,residential,2
Calle Estrella Shaula,Q78603928,,residential,1
Calle Federica Montseny,Q549307,,residential,1
Calle Fernández de Navarrete,Q1710465,,residential,1
Calle Foxtrot,Q9765,,residential,1
Calle Fray Ceferino González,Q2712900,,living_street,1
Calle Fray Luis de León,Q450246,,residential,1
Calle Fuente del Berro,Q5643968,,residential,1
Calle Gandhi,Q1001,,residential,3
Calle Garganta de los Montes,Q1752777,,residential,3
Calle General Álvarez de Castro,Q2698525,,tertiary,3
Calle Glasgow,Q4093,,residential,1
Calle Golf,Q9739,,residential,3
Calle Gonzalo Jiménez de Quesada,Q347688,,residential,1
Calle Granito,Q41177,,residential,3
Calle Guadalcazar,Q854460,,residential,1
Calle Guarromán,Q1313369,,residential,1
Calle Guisona,Q984645,,residential,2
Calle Historias de la Radio,Q11682550;Q384397,,footway;residential,3
Calle Hornachos,Q1446441,,residential,2
Calle Hotel,Q9914,,residential,2
Calle Huesa,Q961110,,residential,1
Calle Ibor,Q9071822,,pedestrian;residential,3
Calle Ibros,Q1641651,,residential,1
Calle Imperial,Q26913879,,residential,1
Calle India,Q9893,,residential,1
Calle Infanta Catalina Micaela,Q233187,,residential,2
Calle Isla Malaita,Q641568,,residential,1
Calle José Escobar y Saliente,Q3085231,,residential;secondary,6
Calle José Lázaro Galdiano,Q4888662,,residential,3
Calle José María Morelos,Q378420,,residential,1
Calle José María Roquero,Q110733832,,residential,1
Calle José Miguel Gordoa,Q5943958,,residential,1
Calle Juan Valera,Q463630,,residential;steps,3
Calle Juan de Mena,Q388140,,residential,3
Calle Juliet,Q9773,,service,1
Calle Julio Danvila,,Julio Danvila Rivera,residential,3
Calle Kilo,Q9922,,service,2
Calle La Hiruela,Q1751945,,residential,1
Calle La Serna del Monte,Q584772,,residential,1
Calle Lagartera,Q1631982,,footway;residential,4
Calle Leganés,Q77433,,residential,8
Calle Licenciado Vidriera,Q576188,,residential,1
Calle Lope de Rueda,Q52206,,residential,2
Calle Lorenza Correa,Q1872294,,residential,1
Calle Luces de Bohemia,Q3312512,,residential,1
Calle Luis Paret,Q283412,,residential,1
Calle López de Hoyos,Q3072117,,residential;service;tertiary,8
Calle Maese Nicolás,Q23807432,,residential,1
Calle Magacela,Q1615390,,residential,1
Calle Manuel Bartolomé Cossío,Q5678776,,residential,1
Calle Manuel de Falla,Q193283,,residential,2
Calle Marceliano Santa María,Q5995562,,residential,1
Calle Marie Curie,Q7186,,residential,14
Calle Martos,Q695425,,footway;residential,5
Calle Mayor,Q1149052,,pedestrian;residential;tertiary,12
Calle Mejorada del Campo,Q1984852,,residential,1
Calle Melilla,Q5831,,footway;pedestrian;steps,3
Calle Mestanza,Q1658049,,footway;residential,4
Calle Miguel Fisac,Q3314962,,residential,4
Calle Mike,Q9933,,residential,1
Calle Ministriles,Q20021469,,living_street;pedestrian,2
Calle Mira el Río Alta,Q20021470,,residential,1
Calle Mira el Río Baja,Q20021470,,residential,1
Calle Mojácar,Q496968,,residential,1
Calle Monte de Montjuich,Q1122701,,pedestrian,1
Calle Montiel,Q1610078,,footway;residential,3
Calle Morena Clara,Q22000247,,residential,1
Calle Navaleno,Q516654,,residential,3
Calle Navarra,Q4018,,residential,3
Calle Navarrete,Q916230,,residential,2
Calle Nimes,Q42807,,residential,1
Calle November,Q9937,,residential,13
Calle Núremberg,Q2090,,residential,1
Calle Ochagavia,Q1780242,,residential,4
Calle Padilla de Duero,Q2090529,,residential,1
Calle Padre Llanos,Q9014535,,residential,1
Calle Panamá,Q804,,residential,3
Calle Papa,Q9946,,residential,2
Calle Paravicino,Q648396,,residential,1
Calle Payaso Fofó,Q3645440,,footway;pedestrian;residential,5
Calle Peal,Q1632828,,residential,1
Calle Peñarroya,Q1406749,,pedestrian;residential,12
Calle Piano,Q5994,,living_street,1
Calle Pico Collarada,Q960756,,residential,2
Calle Pico Moncayo,Q2330837,,residential,1
Calle Pico de la Peña Golosa,Q3571460,,residential,1
Calle Picos de Europa,Q1141172,,residential,3
Calle Pinar del Rey,Q10349788,,residential,3
Calle Pobla de Segur,Q17172,,residential,3
Calle Portal de Belén,Q31732,,residential,1
Calle Portugalete,Q548441,,residential,1
Calle Pozohalcón,Q1641619,,residential,1
Calle Pozuelo de Zarzón,Q1630861,,residential,1
Calle Preciados,Q5552155,,pedestrian,2
Calle Profesor Martín Almagro Basch,Q3571486,,living_street;residential,2
Calle Profesor Waksman,Q232308,,residential,3
Calle Puente la Reina,Q372556,,residential,14
Calle Puerto Serrano,Q1630881,,residential,4
Calle Puerto de Béjar,Q1904694,,residential,2
Calle Puerto de la Cruz Verde,Q9064624,,residential,4
Calle Puerto de la Morcuera,Q960162,,residential,2
Calle Quebec,Q9950,,residential,1
Calle Quintanapalla,Q1642726,,residential,2
Calle Quintanavides,Q1751255,,residential;tertiary,10
Calle Regil,Q964114,,residential,1
Calle República Checa,Q213,,pedestrian;residential,4
Calle República Eslovaca,Q214,,residential,2
Calle Reyes Magos,Q51671,,residential,4
Calle Ribera de Curtidores,Q5740938,,residential;tertiary,4
Calle Riga,Q1773,,residential,1
Calle Ruidera,Q1657922,,residential,1
Calle Ruiz de Alarcón,Q356532,,pedestrian;residential,5
Calle Rávena,Q13364,,residential,1
Calle Rímini,Q13369,,residential,1
Calle Río Ulla,Q14548,,residential,2
Calle Sabiote,Q1641690,,residential,1
Calle San Esteban de Gormaz,Q487352,,residential,2
Calle San Martín de Porres,Q313293,,residential,1
Calle Sansón Carrasco,Q6120178,,residential,1
Calle Santa Genoveva,Q235863,,residential;service,4
Calle Santa María Real de Nieva,Q139988,,residential,3
Calle Santiago Bernabéu,Q223156,,residential,1
Calle Santo Domingo de Silos,Q1766072,,residential,1
Calle Sarre,Q1201,,residential,3
Calle Saxofón,Q9798,,living_street,1
Calle Seo de Urgel,Q673412,,residential,4
Calle Sierra de Segura,Q2651720,,residential,1
Calle Somontín,Q1628474,,residential;service,13
Calle Teresita González Quevedo,Q20040146,,pedestrian;residential,2
Calle Tiempos Modernos,Q45602,,residential,1
Calle Tomás Borrás,Q9088237,,residential,1
Calle Torregrosa,Q1765412,,residential,1
Calle Toscana,Q1273,,residential,5
Calle Totana,Q338174,,residential,1
Calle Tristana,Q1321880,,residential,3
Calle Valdemorillo,Q10783,,residential,2
Calle Valldemosa,Q832967,,residential,6
Calle Valle de Ansó,Q6159057,,residential,1
Calle Valle de Cachemira,Q2361576,,residential,4
Calle Valle de Mena,Q1614774,,residential;secondary;secondary_link,22
Calle Valle de Tena,Q3054031,,footway,1
Calle Valle del Baztán,Q641755,,pedestrian;residential,2
Calle Velacho Alto,Q10389572,,residential,1
Calle Velacho Bajo,Q10389572,,residential,1
Calle Vigo,Q8745,,residential,1
Calle Vilches,Q684071,,living_street;residential,9
Calle Villa de Pons,Q742473,,pedestrian;residential,2
Calle Villa de Rota,Q15907,,residential,1
Calle Villa del Prado,Q320398,,residential,1
Calle Villacarrillo,Q1751217,,living_street;pedestrian;residential,7
Calle Viloria de la Rioja,Q956438,,residential,5
Calle Viridiana,Q852841,,footway;residential,6
Calle Vélez Blanco,Q576710,,residential,6
Calle Watteau,Q183221,,residential,1
Calle Zinc,Q758,,pedestrian,2
Calle de Abdón Terradas,Q3753351,,residential;service;steps,3
Calle de Abertura,Q1626839,,footway;living_street;service;steps,6
Calle de Abizanda,Q1656410,,residential,5
Calle de Abtao,Q2984718,,residential,1
Calle de Acebedo,Q26440,,residential,2
Calle de Achuri,Q3752361,,residential,1
Calle de Adolfo Bioy Casares,Q298035,,residential,1
Calle de Adolfo Marsillach,Q2824732,,residential,3
Calle de Ages,Q399630,,residential,3
Calle de Aguilafuente,Q1627434,,residential,7
Calle de Agustina de Aragón,Q718272,,residential,1
Calle de Agustín de Foxá,Q2827365,,residential;tertiary;unclassified,23
Calle de Alameda del Valle,Q1648402,,residential,4
Calle de Albalate del Arzobispo,Q956425,,residential,1
Calle de Albania,Q222,,residential,2
Calle de Albatana,Q559221,,living_street;track,3
Calle de Alberto Aguilera,Q3773729,,primary;residential,19
Calle de Alberto Insúa,Q1311305,,residential,1
Calle de Alberto de Palacio,Q982959,,residential;tertiary,8
Calle de Albuñuelas,Q564780,,residential,1
Calle de Alcalde Conde de Mirasol,Q93124698,,residential,1
Calle de Alcalá,Q2424746,,cycleway;living_street;pedestrian;primary;residential;secondary;tertiary,218
Calle de Alcalá Galiano,Q1626617,,residential,2
Calle de Alcaraz,Q559140,,living_street,1
Calle de Aldaya,Q368431,,living_street,2
Calle de Alejandro Dumas,Q38337,,residential,7
Calle de Alejandro Humboldt,Q6694,,pedestrian;service,2
Calle de Alejandro Saint Aubin,Q11679755,,residential,1
Calle de Alfacar,Q564768,,living_street;track,2
Calle de Alfonso Paso,Q5551905,,residential,1
Calle de Alfonso X,Q47595,,residential,1
Calle de Alfonso XI,Q298808,,residential,3
Calle de Alfonso XII,Q32347,,living_street;secondary;tertiary;tertiary_link,38
Calle de Aliaga,Q771314,,residential,1
Calle de Alicante,Q11959,,residential,3
Calle de Alicún,Q1358253,,residential,3
Calle de Almansa,Q13930,,living_street;residential,6
Calle de Almorox,Q326948,,residential,1
Calle de Alonso Cano,Q378783,,residential,1
Calle de Alozaina,Q1630229,,residential,2
Calle de Altamirano,,"Antonio Torres Altamirano. Fraile trinitario (Madrid, 8-XII-1616 - Salamanca, 4-XI-1685). General en dos ocasiones de los Trinitarios Descalzos. Entre sus obras destacan unos ""Comentarios morales y analógicos sobre el Apocalipsis"".",residential,1
Calle de Altea,Q436491,,pedestrian;residential;steps,4
Calle de Alzola,Q8196902,,residential,1
Calle de Amadeo I,Q32432,,residential,1
Calle de Amaltea,Q107785,,residential,4
Calle de Amaya,Q2840919,,residential,1
Calle de Ambrosio Vallejo,Q64775438,,residential,1
Calle de Ambroz,Q11905294;Q3393309,,residential,1
Calle de Américo Castro,Q482275,,residential,5
Calle de Amós de Escalante,Q5673594,,residential,1
Calle de Ana de Austria,Q156657,,residential,16
Calle de Andalucía,Q5783,,residential,1
Calle de Andrés Borrego,Q5675607,,living_street,1
Calle de Andrés Mellado,Q5675946,,residential,2
Calle de Andrés Torrejón,Q5695435,,residential,3
Calle de Andrés de Urdaneta,Q316780,,residential,1
Calle de Anselmo Lorenzo,Q174770,,residential,4
Calle de Antequera,Q572041,,tertiary,2
Calle de Antonio Gades,Q561048,,residential,19
Calle de Antonio Maura,Q562489,,residential;tertiary,3
Calle de Antonio Nebrija,Q380804,,residential,1
Calle de Antonio Ponz,Q2857411,,residential,1
Calle de Aquiles,Q41746,,residential,1
Calle de Aquitania,Q1179,,tertiary,4
Calle de Aranjuez,Q486792,,residential,3
Calle de Arapiles,Q708580,,residential,8
Calle de Archidona,Q920126,,residential,1
Calle de Arganda,Q497692,,residential;service,15
Calle de Argumosa,Q5740806,,residential,4
Calle de Arlabán,Q44910881,,residential,1
Calle de Armenteros,Q1651814,,residential;service,7
Calle de Arquímedes,Q8739,,residential,1
Calle de Arturo Soria,Q8255504,,primary;primary_link;residential;service,143
Calle de Arzúa,Q651676,,pedestrian;residential,5
Calle de Astorga,Q465078,,residential,2
Calle de Atocha,Q5492657,,residential;tertiary;tertiary_link,35
Calle de Augusto Figueroa,Q16489206,,pedestrian;residential,2
Calle de Austria,Q40,,residential,1
Calle de Ayala,Q354137,,residential,8
Calle de Azagra,Q1757486,,residential,1
Calle de Azuaga,Q1368982,,residential,3
Calle de Añastro,Q10751118,,residential,2
Calle de Bacares,Q1157977,,residential,6
Calle de Bailén,Q1364346,,footway;living_street;residential;secondary;secondary_link,33
Calle de Baltasar Gracián,Q360512,,residential,2
Calle de Balvina Valverde,Q5717120,,residential,2
Calle de Barbastro,Q502975,,residential,1
Calle de Barcelona,Q27048338,,pedestrian,1
Calle de Barranca,Q2476592,,residential,1
Calle de Batres,Q1647095,,residential,1
Calle de Beasain,Q847130,,residential,1
Calle de Beatriz Galindo,Q1708316,,residential,3
Calle de Beire,Q814864,,residential,1
Calle de Benito Gutiérrez,Q21872966,,residential,2
Calle de Bercial,Q1904737,,residential;steps,2
Calle de Berdún,Q8246625,,residential,3
Calle de Berilo,Q103480,,pedestrian,1
Calle de Bernardino de Pantorba,Q17187077,,residential,2
Calle de Berástegui,Q1639406,,residential,2
Calle de Betancunia,Q830969,,residential,1
Calle de Biosca,Q1901345,,pedestrian;residential,5
Calle de Blasco de Garay,Q881771,,residential,3
Calle de Boadilla del Camino,Q592699,,residential,1
Calle de Boltaña,Q891622,,residential,3
Calle de Bordadores,Q24656602,,living_street;residential,2
Calle de Borgoña,Q1173,,residential,1
Calle de Bravo Murillo,Q200476,,footway;living_street;residential;secondary;service,86
Calle de Bretaña,Q327,,pedestrian;residential,2
Calle de Briviesca,Q1391501,,residential,5
Calle de Bucarest,Q19660,,residential,4
Calle de Budapest,Q1781,,pedestrian;residential,4
Calle de Buitrago de Lozoya,Q1648730,,residential,1
Calle de Burguete,Q5431,,residential,6
Calle de Bélgica,Q31,,pedestrian;residential,5
Calle de Cabanillas de la Sierra,Q1772200,,residential,1
Calle de Calabria,Q1458,,residential,3
Calle de Calasparra,Q1313139,,residential,3
Calle de Caleruega,Q848172,,residential;service,16
Calle de Campotéjar,Q253744,,living_street;residential,7
Calle de Candilejas,Q584509,,residential;tertiary,11
Calle de Caolín,Q908663,,pedestrian,1
Calle de Capri,Q173292,,residential,1
Calle de Carabaña,Q664618,,residential,1
Calle de Caracas,Q1533,,residential,1
Calle de Cardeñuela Riopico,Q946310,,residential,1
Calle de Carlos Arniches,Q1042706,,residential,1
Calle de Carlos II,Q36174,,residential,1
Calle de Carlos III,Q36234,,pedestrian,1
Calle de Carlos Latorre,Q5750704,,residential,1
Calle de Carlos Maurrás,Q3048,,residential,1
Calle de Carmen Cobeña,Q5752487,,pedestrian;residential,3
Calle de Carolina Coronado,Q941605,,residential,3
Calle de Carretas,Q5740952,,pedestrian;residential,2
Calle de Carrión de los Condes,Q986557,,living_street;residential,15
Calle de Cartagena,Q162615,,tertiary,6
Calle de Cartago,Q6343,,residential,3
Calle de Casarabonela,Q1630355,,residential,1
Calle de Casarrubuelos,Q1772185,,residential,1
Calle de Caspe,Q64010,,residential,2
Calle de Castalia,Q170053,,residential,1
Calle de Castelló,Q6068454,,residential,8
Calle de Cavanilles,Q29051443,,residential;tertiary,7
Calle de Cazorla,Q518339,,pedestrian;residential,3
Calle de Cea Bermúdez,Q963367,,primary;residential;tertiary,14
Calle de Cedaceros,Q27051021,,residential;tertiary,6
Calle de Cenicientos,Q685764,,residential,1
Calle de Cestona,Q1618393,,pedestrian;residential,3
Calle de Chantada,Q1447512,,residential,5
Calle de Chipiona,Q741749,,residential,1
Calle de Circe,Q187602,,residential,4
Calle de Cirilo Martínez Novillo,Q5404429,,residential;unclassified,5
Calle de Ciudad Real,Q15093,,residential,3
Calle de Claudio Coello,Q332466,,residential,5
Calle de Cobos de Segovia,Q5775756,,residential,2
Calle de Columela,Q318317,,residential,1
Calle de Colón,Q7322,,living_street,3
Calle de Concepción Arenal,Q671852,,living_street,1
Calle de Copérnico,Q619,,residential,3
Calle de Corella,Q550407,,residential,1
Calle de Corral de Almaguer,Q598148,,residential;service,3
Calle de Cracovia,Q31487,,footway;residential,3
Calle de Crevillente,Q1616611,,residential,1
Calle de Cristóbal Bordiú,Q22962489,,residential,2
Calle de Cuchilleros,Q29005894,,residential,1
Calle de Cuevas Bajas,Q1630277,,residential,1
Calle de Cuevas del Almanzora,Q1048762,,residential,11
Calle de Cáceres,Q15678,,residential,4
Calle de Cádiz,Q15682,,pedestrian,1
Calle de Cástor y Pólux,Q190103,,residential,3
Calle de Daniel Vázquez Díaz,Q963123,,residential;tertiary;tertiary_link,8
Calle de Denia,Q646725,,residential,1
Calle de Deva,Q1611504,,residential,2
Calle de Diana,Q132543,,residential,2
Calle de Diego de León,Q3027464,,tertiary,12
Calle de Don Ramón de la Cruz,Q920042,,residential,6
Calle de Donoso Cortés,Q723141,,residential,1
Calle de Dulce Chacón,Q466820,,residential,7
Calle de Dúrcal,Q559839,,residential;service,2
Calle de Echegaray,Q15788209,,pedestrian;residential,3
Calle de Eduardo Barreiros,Q11681283,,residential;tertiary,24
Calle de Eduardo Benot,Q1290837,,residential,1
Calle de Eduardo Chillida,Q156736,,residential,8
Calle de Egea,Q817204,,residential,1
Calle de El Atazar,Q1772153,,residential,1
Calle de El Barraco,Q1618246,,residential,1
Calle de El Boalo,Q1772163,,residential,1
Calle de El Salvador,Q38366642,,residential,1
Calle de Elba,Q45328,,residential,2
Calle de Elizondo,Q3051309,,residential,4
Calle de Eloy Gonzalo,Q1245933,,tertiary,9
Calle de Embajadores,Q5740826,,residential,4
Calle de Emilio Carrere,Q266059,,residential,1
Calle de Emilio Ferrari,Q5831090,,pedestrian;residential,5
Calle de Enrique Azcoaga,Q5833054,,residential,1
Calle de Enrique Larreta,Q3054691,,tertiary,1
Calle de Enrique Urquijo,Q3054713,,residential;secondary,5
Calle de Ercilla,Q357620,,residential,4
Calle de Esparta,Q5690,,residential,4
Calle de Esparteros,Q29525561,,living_street,1
Calle de Espoz y Mina,Q5740830,,pedestrian,2
Calle de Espronceda,Q209077,,residential,1
Calle de Estanislao Figueras,Q553120,,residential,1
Calle de Esteban Terradas,Q4894155,,residential,1
Calle de Estella,Q646620,,residential,3
Calle de Estocolmo,Q1754,,residential;service,9
Calle de Estrellita Castro,Q127643,,residential,1
Calle de Estremera,Q1615876,,pedestrian;residential,2
Calle de Etreros,Q5850183,,residential,2
Calle de Etruria,Q206730,,residential,4
Calle de Eugenia de Montijo,Q157130,,primary;residential,10
Calle de Eugenio Sellés,Q5850584,,residential,1
Calle de Eunate,Q115941845,,residential,4
Calle de Evaristo San Miguel,Q3816067,,residential,2
Calle de Ezequiel Solana,Q8847218,,residential,6
Calle de Fantasía,Q943192,,footway;pedestrian,4
Calle de Feijoo,Q379753,,residential,2
Calle de Felipe III,Q34464,,pedestrian;residential,2
Calle de Felipe IV,Q691402,,residential;tertiary,7
Calle de Felipe V,Q170467,,pedestrian,1
Calle de Fenelón,Q310002,,residential;service,10
Calle de Ferenc Puskás,Q482931,,construction;residential,8
Calle de Fernando Chueca Goitia,Q322154,,residential,4
Calle de Fernando El Santo,Q243122,,residential,1
Calle de Fernando Poo,Q649556,,residential;service,2
Calle de Fernando de Rojas,Q353841,,residential,2
Calle de Fernando el Católico,Q12860,,residential,8
Calle de Fernanflor,Q5921192,,pedestrian,1
Calle de Fernán González,Q443034,,residential,1
Calle de Fernández Silvestre,Q3180734,,residential,1
Calle de Fernández de los Ríos,Q6173153,,residential,4
Calle de Ferraz,Q977583,,living_street;primary;residential;secondary,23
Calle de Finisterre,Q732090,,residential;service,10
Calle de Finlandia,Q33,,residential,3
Calle de Fitero,Q1773030,,residential,2
Calle de Florencio García,Q634073,,residential,1
Calle de Florestán Aguilar,Q55229402,,residential,2
Calle de Floridablanca,Q2287910,,service,1
Calle de Fortuny,Q380052,,residential,2
Calle de Fraga,Q904212,,residential,1
Calle de Francfort,Q1794,,residential,1
Calle de Francisca Moreno,Q21849637,,residential,1
Calle de Francisco Grande Covián,Q3753868,,living_street;residential,4
Calle de Francisco Largo Caballero,Q312040,,secondary,10
Calle de Francisco Silvela,Q1236383,,primary;residential,64
Calle de Francisco Villaespesa,Q717221,,residential;tertiary,23
Calle de Francisco de Asís Méndez Casariego,Q20819131,,residential,2
Calle de Francisco de Goya,Q5432,,residential,1
Calle de Francisco de Rojas,Q1442310,,residential,1
Calle de Francos Rodríguez,Q5846831,,tertiary,15
Calle de Fray Bernardino Sahagún,Q379972,,residential,5
Calle de Fresno de Cantespino,Q1939147,,pedestrian;residential;service,7
Calle de Frida Kahlo,Q5588,,service,3
Calle de Frigiliana,Q944137,,residential,2
Calle de Frómista,Q988834,,pedestrian;residential,5
Calle de Fuencarral,Q5740840,,pedestrian;residential;tertiary,16
Calle de Fuenlabrada,Q54902,,residential,2
Calle de Fuenterrabía,Q492312,,residential,1
Calle de Fuentespina,Q1633201,,residential,1
Calle de Furelos,Q632003,,residential,1
Calle de Fúcar,Q20908825,,residential,1
Calle de Gabriela Mistral,Q80871,,residential;tertiary,16
Calle de Gainza,Q1633877,,residential;service,7
Calle de Gales,Q25,,construction;residential,5
Calle de Galileo,Q307,,living_street;residential,3
Calle de Gargantilla,Q1643602,,residential,2
Calle de Gaztambide,Q3177239,,residential,1
Calle de Ginzo de Limia,Q918637,,living_street;residential;secondary;service,32
Calle de Gonzalo Torrente Ballester,Q500546,,residential,2
Calle de Gonzalo de Berceo,Q1156048,,residential,1
Calle de Goya,Q5432,,primary;residential,21
Calle de Granada,Q8810,,residential,2
Calle de Grañón,Q177714,,residential,1
Calle de Guadalajara,Q11953,,residential,6
Calle de Guetaria,Q849330,,residential,8
Calle de Guillermo Rovirosa,Q5408637,,residential,1
Calle de Guillermo de Osma,Q9001374,,pedestrian;tertiary,6
Calle de Guillén de Castro,Q457209,,residential,1
Calle de Gutierre de Cetina,Q2708001,,residential,4
Calle de Gutiérrez Solana,Q428928,,residential,2
Calle de Guzmán el Bueno,Q4734497,,tertiary,2
Calle de Génova,Q24294474,,primary,6
Calle de Hartzenbusch,Q1377747,,residential,1
Calle de Helsinki,Q1757,,residential,1
Calle de Henri Dunant,Q12091,,residential,2
Calle de Hermosilla,Q28052826;Q6292949,,residential,7
Calle de Hilario Peñasco,Q16575056,,residential,3
Calle de Hilarión Eslava,Q3818102,,residential,1
Calle de Honduras,Q783,,residential,6
Calle de Hospital de Órbigo,Q848293,,residential,1
Calle de Huesca,Q11967,,residential,4
Calle de Ibiza,Q52631,,residential,9
Calle de Ichaso,Q1110918,,residential,1
Calle de Ignacio Aldecoa,Q1657241,,residential,1
Calle de Illora,Q291752,,residential,4
Calle de Imperio Argentina,Q468806,,living_street;residential,4
Calle de Infanta María,Q3847598,,residential,2
Calle de Irún,Q200201,,residential,6
Calle de Isaac Peral,Q545065,,residential,16
Calle de Isabel Clara Eugenia,Q158256,,residential,16
Calle de Isabel La Católica,Q45859,,residential,2
Calle de Isabel Tintero,Q43673839,,residential,1
Calle de Isabel de Valois,Q176041,,residential,5
Calle de Isidoro Álvarez Álvarez,Q6449549,,residential,2
Calle de Italia,Q108019,,residential,1
Calle de Jacinto Verdaguer,Q379290,,residential,2
Calle de Jaime I El Conquistador,Q212052,,tertiary,8
Calle de Jemenuño,Q5929139,,residential;steps,2
Calle de Jenner,Q40852,,residential,1
Calle de Jerónima Llorente,Q5929439,,residential,2
Calle de Jesús Fernández Santos,Q3753961,,residential,1
Calle de Joaquín Costa,Q965602,,primary;residential;tertiary_link,34
Calle de Jorge Juan,Q2085725,,tertiary,7
Calle de José Abascal,Q9013476,,primary,9
Calle de José Antonio Armona,Q5547499,,primary_link;residential,5
Calle de José Donoso,Q439761,,residential,1
Calle de José Feliú Codina,Q2883060,,residential,2
Calle de José Gutiérrez Abascal,Q17148207,,residential,2
Calle de José María Rodero,Q3394136,,residential,2
Calle de José María de Pereda,Q4115628,,residential,4
Calle de José Ortega y Gasset,Q153020,,residential;tertiary,22
Calle de José Tamayo,Q3774880,,residential,1
Calle de José Vasconcelos,Q1091141,,residential,4
Calle de Jovellanos,Q50227806,,living_street,1
Calle de Juan Antonio Bardem,Q542529,,residential,1
Calle de Juan Boscán,Q375056,,residential,1
Calle de Juan Bravo,Q2742152,,secondary;tertiary,13
Calle de Juan Carreño de Miranda,Q833224,,residential,1
Calle de Juan Esplandiú,Q43218728,,residential,20
Calle de Juan Martín El Empecinado,Q794779,,residential,1
Calle de Juan Pantoja,Q1380081,,living_street,1
Calle de Juan Ramón Jiménez,Q131318,,residential,3
Calle de Juan de Austria,Q157107,,residential,1
Calle de Juan de Mariana,Q939889,,residential,4
Calle de Juan de Urbieta,Q6301337,,residential,4
Calle de Juan Álvarez Mendizábal,Q167743,,residential,4
Calle de Juana Doña,Q2876086,,residential,1
Calle de Juanelo,Q28045186,,living_street,2
Calle de Julio Camba,Q593405,,construction;tertiary,3
Calle de Julio Cano Lasso,Q3391665,,residential,10
Calle de Julio Casares,Q680431,,residential,3
Calle de Julián Gayarre,Q1366357,,construction;primary;residential,8
Calle de Játiva,Q738013,,residential,3
Calle de La Adrada,Q1606366,,residential,3
Calle de La Bañeza,Q1442670,,residential;service,6
Calle de La Cabrera,Q509056,,residential,1
Calle de La Cenicienta,Q191753,,residential,2
Calle de La Coruña,Q8757,,residential,2
Calle de La Diligencia,Q50714,,residential,5
Calle de La Granja de San Ildefonso,Q1125500,,residential,12
Calle de La Mancha,Q844209,,residential,4
Calle de La Pueblanueva,Q1628882,,residential,5
Calle de La Reina de África,Q384397,,pedestrian,2
Calle de La Violetera,Q15270970,,residential,3
Calle de Lagasca,Q891966,,residential,3
Calle de Lanjarón,Q582995,,residential,1
Calle de Lavapiés,Q19969082,,living_street,2
Calle de Lecumberri,Q1773037,,residential,1
Calle de Ledesma,Q965028,,residential,3
Calle de Leganitos,Q5740845,,residential,3
Calle de Leiza,Q1648056,,pedestrian;residential,2
Calle de Leonor de Austria,Q156045,,residential,2
Calle de Lepanto,Q165425,,living_street;service,2
Calle de Lesaca,Q1647457,,pedestrian;residential,3
Calle de León Felipe,Q2076131,,residential,6
Calle de Ligonde,Q905287,,residential,1
Calle de Linneo,Q1043,,residential;service,2
Calle de Lisboa,Q597,,residential,1
Calle de Lituania,Q37,,residential;service,2
Calle de Liverpool,Q24826,,residential,2
Calle de Lodosa,Q984882,,residential,1
Calle de Loja,Q332989,,residential,1
Calle de Lola Membrives,Q5978470,,residential,1
Calle de Lombia,Q5950703,,living_street;residential,2
Calle de Londres,Q84,,residential,1
Calle de Longares,Q1650702,,residential,4
Calle de Lope de Rueda,Q52206,,residential,1
Calle de Lope de Vega,Q19800989,,living_street,3
Calle de Lorca,Q47571,,residential,2
Calle de Loreto Prado y Enrique Chicote,Q5979168,,pedestrian,1
Calle de Los Alpes,Q1286,,residential,1
Calle de Los Madrazo,Q29345542,,residential,2
Calle de Los Santos Inocentes,Q1630061,,residential,4
Calle de Lucano,Q188646,,residential;service,4
Calle de Luchana,Q3310734,,tertiary,9
Calle de Lucio del Valle,Q5982356,,residential,1
Calle de Luis Camoens,Q590,,residential,2
Calle de Luis Jiménez de Asúa,Q3311318,,residential,2
Calle de Luis Ocaña,Q358336,,residential;secondary,8
Calle de Luis Vélez de Guevara,Q1305828,,residential,1
Calle de Lumbrales,Q1639439,,residential,1
Calle de Lérida,Q15090,,residential,9
Calle de López de Hoyos,Q3072117,,residential;tertiary;tertiary_link,25
Calle de Madrid,Q2807,,pedestrian,5
Calle de Magallanes,Q1496,,residential,7
Calle de Maldonado,Q2742352,,residential,7
Calle de Malmoe,Q2211,,residential,3
Calle de Malpica de Tajo,Q1606460,,residential,3
Calle de Manuel Azaña,Q203708,,motorway,12
Calle de Manuel Chaves Nogales,Q3031671,,residential,2
Calle de Manuel Cortina,Q5992686,,footway;residential,3
Calle de Manuel Garrido,Q5993110,,residential,3
Calle de Manuel González Longoria,Q107178446,,residential,1
Calle de Manuel Luna,Q5993525,,residential,3
Calle de Manuel María Arrillaga,Q110795001,,residential,6
Calle de Manuel Montilla,Q100233965,,residential,2
Calle de Marceliano Santa María,Q5995562,,residential,1
Calle de Margarita de Parma,Q307815,,residential,2
Calle de Mariano Benlliure,Q2402329,,residential,1
"Calle de Mario Moreno ""Cantinflas""",Q195371,,construction;residential,5
Calle de Marsella,Q23482,,residential,2
Calle de Martín de Vargas,Q2875927,,pedestrian;residential,5
Calle de Martín de los Heros,Q9029845,,living_street;residential,7
Calle de María Blanchard,Q443779,,residential,1
Calle de María Moliner,Q465162,,residential,1
Calle de María Teresa León,Q2759438,,residential,1
Calle de María Tudor,Q82674,,residential,5
Calle de María Zayas,Q2905689,,residential,1
Calle de María de Molina,Q266025,,primary,30
Calle de María de Portugal,Q230894,,residential,4
Calle de Matamorosa,Q6005712,,residential,4
Calle de Mateo Inurria,Q9030461,,secondary,8
Calle de Matilde Landa,Q16605380,,residential,9
Calle de Mauricio Legendre,Q9030662,,residential;tertiary,16
Calle de Mauricio Ravel,Q1178,,residential,2
Calle de Mazarredo,Q195797,,residential,1
Calle de Mazaterón,Q5805098,,residential,2
Calle de Melchor Fernández Almagro,Q3854180,,residential;service,8
Calle de Melchor Rodríguez,Q1407986,,living_street;steps,3
Calle de Melide,Q912514,,residential,1
Calle de Melilla,Q5831,,footway;pedestrian;residential,8
Calle de Meléndez Valdés,Q2415144,,residential,6
Calle de Menorca,Q52636,,residential,3
Calle de Mequinenza,Q837051,,residential,6
Calle de Mesonero Romanos,Q1545524,,living_street;residential,4
Calle de Miguel Servet,Q52158635,,residential,5
Calle de Miguel Ángel,Q5592,,residential;tertiary,7
Calle de Miguel Ángel Asturias,Q75603,,residential,1
Calle de Minerva,Q126916,,residential,11
Calle de Mira el Sol,Q25265930,,living_street;residential,4
Calle de Miranda de Arga,Q1641891,,residential;service,7
Calle de Modesto Lafuente,Q627987,,residential,2
Calle de Mogambo,Q1122534,,residential,4
Calle de Montpellier,Q6441,,pedestrian,1
Calle de Montánchez,Q1630109,,residential,3
Calle de Monóvar,Q1645615,,residential,1
Calle de Moratalla,Q987450,,residential,1
Calle de Moratín,Q24944024,,residential,2
Calle de Moreno Nieto,Q9014607,,pedestrian;residential,2
Calle de Moscú,Q649,,residential,1
Calle de Motril,Q210093,,residential,1
Calle de Mozart,Q254,,residential,8
Calle de Murcia,Q12225,,pedestrian;residential,3
Calle de Murillo,Q192062,,living_street,1
Calle de Muñopedro,Q1948833,,residential,1
Calle de Máiquez,Q5921222,,residential,2
Calle de Málaga,Q8851,,residential,1
Calle de Mánchester,Q18125,,residential,2
Calle de Méndez Núñez,Q3394337,,residential,4
Calle de Méndez Álvaro,Q5553104,,primary;primary_link;residential;secondary;service;tertiary;tertiary_link,80
Calle de Mónaco,Q235,,residential,1
Calle de Nantes,Q12191,,residential,1
Calle de Narciso Serra,Q15839216,,residential,2
Calle de Narváez,Q185551;Q28936837,,tertiary,16
Calle de Navamures,Q6038953,,residential,1
Calle de Navascués,Q776592,,residential,2
Calle de Nerja,Q13149,,residential,1
Calle de Nicasio Gallego,Q720492,,residential,2
Calle de Nicolás Salmerón,Q742660,,residential,7
Calle de Normandía,Q15878,,pedestrian,1
Calle de Noruega,Q20,,pedestrian,1
Calle de Novecento,Q124697,,footway;pedestrian;residential,5
Calle de Noviciado,Q25212055,,residential,1
Calle de Nueva Caledonia,Q33788,,residential,1
Calle de Numancia,Q623407,,residential,9
Calle de Núñez Morgado,Q96182849,,residential,1
Calle de Núñez de Balboa,Q19080,,residential,3
Calle de O'Donnell,Q454265,,primary;residential,22
Calle de Obanos,Q984867,,residential,4
Calle de Octavio Paz,Q46739,,residential,4
Calle de Oliana,Q1644356,,residential,1
Calle de Olite,Q837062,,residential,2
Calle de Ordicia,Q672483,,residential,2
Calle de Oreja,Q598020,,pedestrian;residential,4
Calle de Oslo,Q585,,residential,2
Calle de Oteiza,Q682821,,residential,2
Calle de Oudrid,Q2679032,,residential,1
Calle de Oña,Q1609760,,living_street;residential,67
Calle de Pablo Gargallo,Q456991,,residential,1
Calle de Pablo Luna,Q2336713,,pedestrian;residential;steps,5
Calle de Padilla,Q1339628,,residential,5
Calle de Padul,Q605397,,residential,1
Calle de Palafox,Q332481,,living_street;residential,2
Calle de Palas de Rey,Q842216,,residential,7
Calle de Palos de la Frontera,Q622030,,secondary,4
Calle de Pamplona,Q10282,,residential,4
Calle de Paradinas,Q6060782,,residential,1
Calle de Paredes de Nava,Q919652,,residential,6
Calle de Pastora Imperio,Q3742020,,residential,1
Calle de Pavía,Q63468,,living_street;service,2
Calle de Pedro Antonio de Alarcón,Q313553,,residential,1
Calle de Pedro Muñoz Seca,Q3322907,,residential,2
Calle de Pedro de Muguruza,Q3374095,,residential;service,2
Calle de Pelayo,Q14655,,living_street,1
Calle de Pepe Isbert,Q965469,,residential,2
Calle de Periana,Q732206,,residential,3
Calle de Peña Labra,Q8538642,,residential,1
Calle de Peña de Francia,Q2438981,,living_street,1
Calle de Peñaranda de Bracamonte,Q679766,,residential;secondary,18
Calle de Pico Veleta,Q1420262,,residential,2
Calle de Pilar Millán Astray,Q18224305,,residential,1
Calle de Pitágoras,Q10261,,residential,5
Calle de Pizarro,Q44741,,living_street,1
Calle de Población de Campos,Q986562,,residential,1
Calle de Ponferrada,Q12164,,residential;service,7
Calle de Ponzano,Q1588564,,residential,2
Calle de Portomarín,Q849319,,residential,21
Calle de Poza de la Sal,Q1642806,,residential,10
Calle de Prim,Q379787,,residential,2
Calle de Princesa de Éboli,Q457676,,residential,10
Calle de Puentedey,Q18689543,,living_street;residential,4
Calle de Puentelarra,Q2744363,,residential,4
Calle de Puerto Rico,Q1183,,residential,3
Calle de Puerto de Somport,Q389859,,residential;tertiary,5
Calle de Purchena,Q1445232,,residential,6
Calle de Pérez Galdós,Q189869,,pedestrian,1
Calle de Pío Baroja,Q220980,,residential,7
Calle de Quevedo,Q19798936,,living_street,1
Calle de Quijorna,Q1915141,,residential,1
Calle de Quintanadueñas,Q6095113,,residential,3
Calle de Rabanal del Camino,Q657882,,residential,1
Calle de Rafael de León,Q6098121,,residential,2
Calle de Rafael de Riego,Q203036,,residential;service,5
Calle de Rafael de la Hoz,Q3394165,,residential,4
Calle de Raimundo Fernández Villaverde,Q959509,,primary;residential;tertiary,31
Calle de Raimundo Lulio,Q193660,,living_street;residential,2
Calle de Ramírez de Prado,Q1870229,,secondary,7
Calle de Ramón Areces,Q3329044,,residential;service;tertiary,5
Calle de Redecilla del Camino,Q1012965,,residential,1
Calle de Reinosa,Q671326,,residential,1
Calle de Ribadumia,Q1631321,,residential,1
Calle de Ricardo Goizueta,Q23778347,,residential,1
Calle de Rochapea,Q2944629,,residential,1
Calle de Rodrigo de Triana,Q552774,,residential,3
Calle de Rodríguez Ayuso,Q892696,,residential,1
Calle de Rodríguez Jaén,Q11705060,,residential,3
Calle de Rodríguez San Pedro,Q3821801,,residential,5
Calle de Roma,Q220,,residential,1
Calle de Romero Girón,Q6161322,,residential,1
Calle de Romero Robledo,Q2370852,,residential,3
Calle de Rosario Pino,Q6112403,,footway;residential;tertiary,8
Calle de Rumanía,Q218,,residential,3
Calle de Rusia,Q159,,residential,1
Calle de Ruy González de Clavijo,Q725872,,residential,1
Calle de Ríos Rosas,Q27267331,,primary;tertiary,8
Calle de Saavedra Fajardo,Q2715411;Q2807,,residential;tertiary,7
Calle de Sabrina,Q152493,,residential,3
Calle de Sagasta,Q379779,,primary;residential,8
Calle de Sajonia,Q1202,,residential,2
Calle de Salamanca,Q15695,,residential;service,3
Calle de Salas Barbadillo,Q3893270,,residential,5
Calle de Salobreña,Q427330,,footway;residential;steps,5
Calle de Salustiano Olózaga,Q959518,,residential,1
Calle de Samaria,Q1294629,,residential,3
Calle de San Bernardo,Q188411;Q5740864,,residential;tertiary,13
Calle de San Cosme y San Damián,Q76486,,residential,1
Calle de San Crispín,Q1140213,,residential,1
Calle de San Eloy,Q360798,,residential,2
Calle de San Eulogio,Q2358257,,residential,1
Calle de San Felipe Neri,Q217791,,pedestrian;tertiary,2
Calle de San Hilario,Q44344,,residential,4
Calle de San Isidoro de Sevilla,Q166876,,residential,2
Calle de San Jorge,Q48438,,residential,1
Calle de San Juan de Ortega,Q3471530,,residential,6
Calle de San Juan de la Salle,Q312758,,residential,1
Calle de San Julián del Camino,Q2220159,,residential,1
Calle de San Marcos,Q31966,,residential,3
Calle de San Marino,Q238,,residential,2
Calle de San Miguel del Camino,Q2219827,,residential,1
Calle de San Millán de la Cogolla,Q842220,,residential,1
Calle de San Narciso,Q828609,,residential,3
Calle de San Onofre,Q464959,,pedestrian,2
Calle de San Pedro Mártir,Q238744,,living_street,2
Calle de San Pedro de Cardeña,Q1024723,,residential,6
Calle de San Petersburgo,Q656,,residential,1
Calle de San Quintín,Q2066129,,living_street,2
Calle de San Remigio,Q367208,,residential,1
Calle de San Rosendo,Q2659457,,residential,1
Calle de San Sebastián,Q24940406,,living_street,1
Calle de San Telesforo,Q81647,,residential,3
Calle de San Valentín,Q192151,,residential,1
Calle de San Vicente Ferrer,Q317131,,living_street;residential,2
Calle de Sangarcía,Q1938456,,footway;pedestrian;residential;steps,4
Calle de Sanlúcar de Barrameda,Q210887,,residential,1
Calle de Santa Casilda,Q1236283,,residential,1
Calle de Santa Elena,Q170164,,residential,1
Calle de Santa Engracia,Q18246552;Q26728109,,secondary;tertiary,18
Calle de Santa Francisca Javier Cabrini,Q238983,,residential,1
Calle de Santa Genoveva,Q235863,,residential;tertiary,5
Calle de Santa Isabel,Q2882669,,living_street;pedestrian;residential;steps,7
Calle de Santa María Micaela,Q440077,,footway;pedestrian,3
Calle de Santa María la Real de Nieva,Q139988,,residential,1
Calle de Santa Prisca,Q426200,,residential,11
Calle de Santa Rafaela María del Sagrado Corazón,Q456796,,footway;residential,4
Calle de Santa Tecla,Q51885,,residential,1
Calle de Santiago Bernabéu,Q223156,,residential,3
Calle de Santiago El Verde,Q5861697,,living_street,1
Calle de Santiago Rusiñol,Q366930,,residential,1
Calle de Santurce,Q917886,,pedestrian;residential,4
Calle de Sarria,Q174833,,footway;pedestrian;residential;service,12
Calle de Sauceda,Q6122139,,residential,11
Calle de Sebastián Elcano,Q201510,,residential,3
Calle de Segovia,Q15684;Q2807,,primary;primary_link;service;tertiary,15
Calle de Serranillos del Valle,Q1772168,,residential,2
Calle de Serrano,Q515741,,primary;residential;secondary;tertiary,33
Calle de Sevilla,Q20908843,,tertiary,3
Calle de Siena,Q2751,,residential,2
Calle de Sierra Elvira,Q5685282,,residential,1
Calle de Sierra de Atapuerca,Q48782131,,residential,15
Calle de Silvina Ocampo,Q442829,,pedestrian;service,2
Calle de Sinesio Delgado,Q6129194,,primary;residential,39
Calle de Siracusa,Q13670,,residential,1
Calle de Sofía,Q472,,residential,12
Calle de Sombrerete,Q20021619,,living_street;pedestrian,2
Calle de Somontín,Q1628474,,residential,3
Calle de Suecia,Q34,,residential;tertiary,9
Calle de Suiza,Q39,,residential,1
Calle de Sánchez Barcáiztegui,Q9093474,,residential,1
Calle de Talamanca del Jarama,Q1641021,,residential,2
Calle de Teba,Q1630260,,residential,1
Calle de Tenerife,Q40846,,living_street;pedestrian;residential,5
Calle de Teresita González Quevedo,Q20040146,,pedestrian,2
Calle de Tetuán,Q5740881,,living_street;pedestrian;residential,4
Calle de Timoteo Domingo,Q55837075,,residential,1
Calle de Timoteo Pérez Rubio,Q6147067,,residential,5
Calle de Toledo,Q5740883,,pedestrian;primary;residential;tertiary,24
Calle de Tolosa,Q497801,,residential;service,5
Calle de Tomás Bretón,Q722623,,residential,6
Calle de Topete,Q1621912,,living_street,1
Calle de Torreperogil,Q1642300,,residential,1
Calle de Torrox,Q13150,,residential,2
Calle de Totana,Q338174,,residential,2
Calle de Trafalgar,Q171416,,tertiary,6
Calle de Triacastela,Q636874,,residential,1
Calle de Tribulete,Q20021648,,living_street,2
Calle de Troya,Q22647,,residential,1
Calle de Turmalina,Q179911,,residential,2
Calle de Tíscar,Q6154577,,residential,3
Calle de Uruguay,Q77,,residential;service,5
Calle de Valcarlos,Q524479,,residential,39
Calle de Valderribas,Q29051503,,residential,9
Calle de Valderrobres,Q1641285,,residential,2
Calle de Valencia,Q26810468,,residential,3
Calle de Vallehermoso,Q6122685,,tertiary,4
Calle de Valonia,Q231,,pedestrian,1
Calle de Velarde,Q718282,,living_street,2
Calle de Velilla,Q9019034,,living_street,1
Calle de Velázquez,Q297,,secondary;secondary_link;tertiary,19
Calle de Ventura Rodríguez,Q2565889,,primary,3
Calle de Versalles,Q621,,residential,4
Calle de Vicente Aleixandre,Q134644,,residential,1
Calle de Vicente Blasco Ibáñez,Q219646,,residential,7
Calle de Vicente Espinel,Q520504,,residential,1
Calle de Victoria Kent,Q2743181,,secondary;tertiary,9
Calle de Vilar de Donas,Q18376057,,residential,3
Calle de Villabona,Q672876,,residential,1
Calle de Villalar,Q2890338,,residential,1
Calle de Villaluenga de la Sagra,Q584333,,footway;pedestrian;residential,5
Calle de Villamanta,Q1915133,,residential,1
Calle de Villamayor de Santiago,Q1750918,,pedestrian;residential,4
Calle de Villasilos,Q17745924,,residential,4
Calle de Villava,Q600671,,residential,4
Calle de Villoslada,Q7931124,,footway;residential,3
Calle de Villuercas,Q2996063,,residential,2
Calle de Viriato,Q331889,,residential,3
Calle de Vital Aza,Q7936725,,residential,3
Calle de Vitruvio,Q47163,,residential,10
Calle de Vizcaya,Q93366,,residential,1
Calle de Volver a Empezar,Q1352930,,residential,3
Calle de Vázquez de Mella,Q3324630,,residential,1
Calle de Vélez Rubio,Q1110343,,residential,7
Calle de Víctor de la Serna,Q6165796,,living_street;residential,4
Calle de Wad-Ras,Q2890359,,residential,2
Calle de Ybarra,Q1618296,,residential,2
Calle de Zagreb,Q1435,,residential,1
Calle de Zalacaín,Q11705460,,residential,1
Calle de Zamora,Q15696,,residential,1
Calle de Zazuar,Q1614622,,residential,1
Calle de Zorrilla,Q29352014,,residential,2
Calle de Zurbano,Q3295691,,residential,4
Calle de Zurbarán,Q209615,,residential,2
Calle de Zurich,Q72,,residential,1
Calle de Zurita,Q29051010,,living_street;residential,2
Calle de la Alameda,Q27224202,,residential,4
Calle de la Antracita,Q182458,,residential,3
Calle de la Arganzuela,Q16749876,,residential,3
Calle de la Batalla del Salado,Q1792643,,residential,4
Calle de la Cabeza,Q20908816,,living_street,3
Calle de la Cava Alta,Q28051271,,residential,4
Calle de la Cava Baja,Q5740900,,residential,1
Calle de la Cava de San Miguel,Q28051254,,residential,2
Calle de la Colegiata,Q24702367,,tertiary,3
Calle de la Concepción Jerónima,Q21072221,,tertiary,9
Calle de la Cordillera de Cuera,Q5196829,,living_street;residential,3
Calle de la Costa Azul,Q182822,,pedestrian,1
Calle de la Cruz,Q16659214,,residential,4
Calle de la Dalia,Q130918,,residential,1
Calle de la Escuela de Vallecas,Q1153335,,residential,2
Calle de la Esfinge,Q151480,,residential,10
Calle de la Espada,Q28006139,,living_street,2
Calle de la Española,Q25277,,residential,3
Calle de la Estrella Naos,Q13200,,residential,6
Calle de la Filósofa Simone Weil,Q157309,,residential,1
Calle de la Flecha,Q23996014,,pedestrian,2
Calle de la Fuente del Berro,Q5643968,,residential,1
Calle de la Fé,Q26810252,,living_street,2
Calle de la Giralda,Q834479,,residential,1
Calle de la Huerta del Bayo,Q42908465,,living_street,1
Calle de la Ilíada,Q8275,,primary;residential,5
Calle de la Infanta Mercedes,Q218879,,tertiary,4
Calle de la Isla de Alegranza,Q580302,,footway;living_street;residential,3
Calle de la Isla de Long,Q577808,,residential,1
Calle de la Isla del Hierro,Q1036287,,residential,1
Calle de la Lagartera,Q1631982,,footway;residential,4
Calle de la Lechuga,Q24647167,,residential,1
Calle de la Madre de Dios,Q849693,,residential,1
Calle de la Magdalena,Q17181780,,tertiary,4
Calle de la Montera,Q5740928,,living_street;pedestrian,5
Calle de la Paloma,Q20908836,,footway;pedestrian;residential,4
Calle de la Primavera,Q28662708,,residential,1
Calle de la Princesa,Q5740935,,footway;primary;residential;secondary_link;trunk,42
Calle de la Princesa de Kapurtala,Q3394222,,pedestrian;service,3
Calle de la Provenza,Q101081,,residential,2
Calle de la Raya,,Juego popular de la raya,residential,1
Calle de la Riviera,Q917448,,residential,3
Calle de la Serena,Q2472448,,footway;residential,11
Calle de la Sierra de La Sagra,Q8538308,,residential,2
Calle de la Sierra de Molina,Q23994773,,living_street;residential,2
Calle de la Sílfide,Q853329,,residential,1
Calle de la Tuya,Q147417,,residential,1
Calle de la Virgen de Lluc,Q9094348,,residential;tertiary,2
Calle de la Virgen de las Viñas,Q5560113,,residential,2
Calle de las Adelfas,Q155833,,residential,1
Calle de las Alpujarras,Q661868,,residential,1
Calle de las Arizónicas,Q670040,,residential,1
Calle de las Canarias,Q5813,,residential,8
Calle de las Coníferas,Q132825,,residential,4
Calle de las Huertas,Q2364997,,living_street;pedestrian,8
Calle de las Islas Almirantes,Q119230,,residential,3
Calle de las Islas Marianas,Q153732,,residential,1
Calle de las Islas de Cabo Verde,Q1011,,residential,4
Calle de las Postas,Q28051324,,pedestrian,3
Calle de los Cabestreros,Q20015474,,living_street,1
Calle de los Cuchilleros,Q29005894,,pedestrian,1
Calle de los Estudios,Q52158093,,residential,1
Calle de los Hermanos García Noblejas,Q1664711;Q5740959,,primary;residential,68
Calle de los Hermanos Pinzón,Q3388890,,residential;tertiary,4
Calle de los Hermanos Álvarez Quintero,Q2879473,,living_street;residential,2
Calle de los Jardines,Q28052611,,living_street;pedestrian,2
Calle de los Juglares,Q2429735,,footway;residential,2
Calle de los Milaneses,Q30788116,,living_street,1
Calle de los Olivos,Q37083,,residential,2
Calle de los Padres Dominicos,Q131479,,residential,1
Calle de los Pedroches,Q1117207,,residential,2
Calle de los Poetas,Q49757,,residential,1
Calle de los Señores de Luzón,Q24658361,,residential,1
Calle de los Vascos,Q126756,,primary;residential,3
Calle de Álava,Q81801,,residential,1
Calle de Álvarez Gato,Q20908815,,pedestrian,1
Calle de Écija,Q273413,,residential,1
Calle de Órgiva,Q293130,,residential,2
Calle del Alcalde Aristizábal Manchón,Q5943711,,residential,1
Calle del Alcalde Henche de la Plata,Q9065805,,residential,2
Calle del Alcalde Redondo Aceña,Q3774293,,residential,2
Calle del Alcalde Sáinz de Baranda,Q6070082,,residential;tertiary,13
Calle del Alcalde Álvarez de Villaamil,Q11703758,,residential,2
Calle del Alerce,Q25618,,residential,4
Calle del Aloe Vera,Q80079,,residential,2
Calle del Archiduque Alberto,Q311452,,residential,1
Calle del Arcipreste de Hita,Q434597,,residential,3
Calle del Arenal,Q5740980,,pedestrian,5
Calle del Arte Abstracto,Q128115,,residential,3
Calle del Arte Conceptual,Q203209,,residential,4
Calle del Arte Expresionista,Q80113,,residential,1
Calle del Arte Figurativo,Q1622217,,residential,6
Calle del Arte Minimal,Q173436,,residential,6
Calle del Ave María,Q27031791,,living_street,2
Calle del Barquillo,Q5740983,,residential,1
Calle del Bronce,Q34095,,residential,5
Calle del Butrón,Q12255566,,residential,8
Calle del Caballero de Gracia,Q5740985,,living_street;pedestrian;residential,4
Calle del Cabo Machichaco,Q669894,,residential,2
Calle del Canal de la Mancha,Q34640,,residential,1
Calle del Canal del Bósforo,Q35958,,residential;service,5
Calle del Cardenal Belluga,Q281528,,residential,2
Calle del Cardenal Cisneros,Q342392,,residential,3
Calle del Cardenal Marcelo Spínola,Q710764,,residential,10
Calle del Cardenal Vicente Enrique y Tarancón,Q553172,,residential,3
Calle del Carmen,Q5740988,,pedestrian,1
Calle del Carnero,Q27050844,,residential,1
Calle del Casino,Q26248358,,living_street,2
Calle del Cañón del Río Lobos,Q3385422,,footway;residential,2
Calle del Cid,Q43958,,pedestrian;residential,2
Calle del Cobre,Q753,,residential,3
Calle del Condado de Treviño,Q946251,,residential,10
Calle del Conde Duque,Q27031730,,residential,2
Calle del Conde de Peñalver,Q6042643,,tertiary,8
Calle del Conde de Romanones,Q250975,,residential,3
Calle del Conde de la Cimera,Q30045782,,residential,2
Calle del Corindón,Q131777,,residential,1
Calle del Cromo,Q725,,residential,2
Calle del Darro,Q1166701,,residential,1
Calle del Discóbolo,Q133732,,residential,1
Calle del Doce de Octubre,Q2745862,,residential,4
Calle del Doctor Castelo,Q57779199,,residential,2
Calle del Doctor Cortezo,Q28031508,,residential,2
Calle del Doctor Esquerdo,Q9014392,,primary;primary_link;residential,89
Calle del Doctor Fleming,Q37064,,residential,4
Calle del Doctor Gómez Ulla,Q5997764,,residential,3
Calle del Doctor Juan José López Ibor,Q9015676,,residential,1
Calle del Doctor Laguna,Q524380,,residential,4
Calle del Doctor Ramón Castroviejo,Q4216907,,residential,4
Calle del Doctor Severo Ochoa,Q233957,,residential,1
Calle del Dodge,Q27564,,pedestrian,1
Calle del Dos Caballos,Q326015,,pedestrian,1
Calle del Dos de Mayo,Q181146,,pedestrian;residential,2
Calle del Duque de Rivas,Q155463,,residential,2
Calle del Duque de Sesto,Q5940663,,residential,4
Calle del Elfo,Q174396,,residential,3
Calle del Embalse de El Vellón,Q11681440,,pedestrian,1
Calle del Embalse de La Jarosa,Q1329216,,residential,1
Calle del Embalse de Navacerrada,Q5369450,,residential,3
Calle del Embalse de Picadas,Q5830546,,residential,1
Calle del Embalse de Pinilla,Q8775372,,residential,2
Calle del Embalse de San Juan,Q5830564,,residential,3
Calle del Embalse de Valmayor,Q8775397,,residential,1
Calle del Embalse del Manzanares,Q3373807,,residential,1
Calle del Españoleto,Q297838,,residential,1
Calle del Fresno,Q156907,,footway;pedestrian,3
Calle del General Arrando,Q9013676,,residential,1
Calle del General Díaz Porlier,Q3077096,,residential,4
Calle del General Pardiñas,Q6099921,,residential,5
Calle del General Ramírez de Madrid,Q5162384,,pedestrian;residential,5
Calle del General Ricardos,Q2438029,,primary,2
Calle del Generalife,Q525811,,residential,1
Calle del Ginebro,Q26325,,residential,1
Calle del Gobernador,Q47494747,,residential,3
Calle del Golfo de Salónica,Q913418,,residential,2
Calle del Hierro,Q677,,residential,3
Calle del Horizon,Q1362801,,pedestrian,1
Calle del Idioma Esperanto,Q143,,residential,4
Calle del Infante Diego,Q668424,,residential,1
Calle del Infante Fernando,Q574024,,residential,1
Calle del Jazmín,Q82014,,residential,13
Calle del Jengibre,Q35625,,residential,2
Calle del Lago Constanza,Q4127,,residential,7
Calle del Lago Erie,Q5492,,residential,1
Calle del Lago Leman,Q6403,,residential,1
Calle del Lago Van,Q126307,,service,1
Calle del Laúd,Q180733,,residential,3
Calle del León,Q15839300,,living_street,2
Calle del Lozoya,Q16511,,residential,1
Calle del Maestro Sorozábal,Q2206252,,residential,1
Calle del Maestro Victoria,Q5741016,,pedestrian;residential,3
Calle del Mar Caspio,Q5484,,residential,7
Calle del Mar Menor,Q1553876,,residential,2
Calle del Mar Negro,Q166,,residential,2
Calle del Mar de Aral,Q35883,,residential,1
Calle del Marqués de Cubas,Q19304646,,residential,2
Calle del Marqués de Leganés,Q6000509,,living_street,1
Calle del Marqués de Riscal,Q5742129,,residential,1
Calle del Marqués de Santa Ana,Q19458190,,residential,1
Calle del Marqués de Urquijo,Q8843105,,primary,8
Calle del Marqués del Duero,Q325762,,residential,1
Calle del Mecánico Rada,Q16658408,,residential,2
Calle del Mesón de Paredes,Q5686332,,living_street,4
Calle del Néctar,Q919702,,residential,3
Calle del Oboe,Q8377,,residential,4
Calle del Oligisto,Q103223,,residential,2
Calle del Olivar,Q20021057,,living_street,1
Calle del Olmo,Q20021071,,living_street,1
Calle del Padre Damián,Q232785,,residential;service;tertiary,19
Calle del Padre Francisco Palau y Quer,Q921193,,residential;tertiary,8
Calle del Payaso Fofó,Q3645440,,residential,5
Calle del Peloponeso,Q78967,,residential,1
Calle del Pergamino,Q226697,,pedestrian;residential,5
Calle del Pez Volador,Q183686,,residential;service,10
Calle del Pinar del Rey,Q10349788,,residential,1
Calle del Pinsapo,Q849381,,residential;service,2
Calle del Pintor Antonio Saura,Q528511,,residential,7
Calle del Pintor Ignacio de Zuloaga,Q460198,,residential,2
Calle del Pintor Lucio Muñoz,Q168080,,residential,2
Calle del Plomo,Q708,,residential,4
Calle del Poeta Blas de Otero,Q881756,,residential;tertiary,15
Calle del Postigo de San Martín,Q6083473,,pedestrian,1
Calle del Prado,Q16389845,,living_street;residential,3
Calle del Príncipe,Q15788175,,pedestrian;residential,2
Calle del Príncipe Carlos,Q159817,,footway;residential,21
Calle del Príncipe de Vergara,Q434529,,secondary,39
Calle del Puente del Arzobispo,Q1628788,,residential;service,3
Calle del Péndulo,Q20702,,pedestrian,1
Calle del Rayo Vallecano de Madrid,Q10300,,residential,2
Calle del Rodio,Q1087,,residential,1
Calle del Río,Q48781775,,pedestrian;residential;steps,3
Calle del Río Ebro,Q10965,,secondary,5
Calle del Río Nervión,Q14353,,residential,1
Calle del Río Sella,Q14513,,residential,1
Calle del Sacramento,Q26913064,,residential,3
Calle del Salitre,Q29550986,,living_street;residential,3
Calle del Segura,Q532136,,pedestrian;residential,3
Calle del Siete de Julio,Q26777545,,pedestrian;steps,2
Calle del Simca,Q173357,,residential,3
Calle del Solara,Q964709,,residential,1
Calle del Talbot,Q173151,,residential,1
Calle del Teniente Coronel Noreña,Q21971324,,residential,2
Calle del Torcal,Q1013353,,residential,1
Calle del Tren de Arganda,Q107585406,,footway;residential,4
Calle del Ventorrillo,Q42908463,,living_street,1
Calle del Ángel de la Guarda,Q728388,,residential,2
Calle del Ónice,Q180884,,residential,2
Calle Óscar,Q9941,,residential,1
Carrera de San Jerónimo,Q5836422,,pedestrian;residential;tertiary,4
Cava de San Miguel,Q28051254,,footway,1
Cañada Real de Merinas,Q5759517,,unclassified,1
Costanilla de los Desamparados,Q18419123,,residential,2
Cuesta de San Vicente,Q5794006,,primary;residential,11
Cuesta de la Vega,Q5794014,,living_street;service;tertiary,13
GR-124 Senda Real,Q5872942,,footway,5
Glorieta Puerta de Toledo,Q2657591,,primary,9
"Glorieta de Antonio Chenel ""Antoñete""",Q601545,,tertiary,11
Glorieta de Antonio Perpiñá,Q62936123,,tertiary,15
Glorieta de Aníbal González,Q2857931,,residential,1
Glorieta de Bilbao,Q5571511,,primary;residential,7
Glorieta de Carlos Llamas,Q3394154,,residential,1
Glorieta de Embajadores,Q16571874,,primary;residential,13
Glorieta de Emilio Castelar,Q28000791,,tertiary;trunk,8
Glorieta de Eolo,Q172549,,residential,1
Glorieta de Fernando Arbós,Q5859195,,tertiary,1
Glorieta de Francisco Jareño,Q5866077,,tertiary,10
Glorieta de Julián Otamendi,Q5956173,,tertiary,1
Glorieta de Lalín,Q1374736,,residential,6
Glorieta de Luis Rosales,Q537776,,tertiary,8
Glorieta de María de Villota,Q236914,,tertiary,1
Glorieta de Paco Martínez Soria,Q150576,,residential,1
Glorieta de Pilar Miró,Q75004,,tertiary,5
Glorieta de Quevedo,Q201315,,secondary,7
Glorieta de San Martín de la Vega,Q959612,,secondary,5
Glorieta de San Vicente,Q5881390,,primary,8
Glorieta de Santa María de la Cabeza,Q55943044,,primary,13
Glorieta de las Pirámides,Q5790715,,primary,13
Glorieta del Pintor Sorolla,Q26791943,,footway,7
Glorieta del Puente de Segovia,Q2838423,,primary;tertiary;tertiary_link,5
Gran Vía,Q1324163,,residential;service;tertiary,35
La Cañada Real de Merinas,Q5759517,,residential,1
La Cañada Real de Merinas o Galiana,Q5759517,,unclassified,1
Madrid Río,Q6062341,,cycleway,1
Pasaje de Ahillones,Q389434,,footway;steps,7
Pasaje de Dios te salve María,Q42203,,footway,5
Pasaje de Matheu,Q6065308,,pedestrian,1
Paseo Alto de Casimiro Gómez Ortega,Q957993,,footway,1
Paseo Bajo de Casimiro Gómez Ortega,Q957993,,footway,1
Paseo Bajo de la Virgen del Puerto,Q3813365,,cycleway;footway;pedestrian;service,8
Paseo Eugenio María de Hostos,Q3543841,,residential,1
Paseo Imperial,Q118634190,,secondary,5
Paseo Julio Romero de Torres,Q1712402,,footway,6
Paseo de Ali Ben Yusuf,Q552458,,pedestrian,1
Paseo de Carlos III,Q36234,,footway;pedestrian;steps,12
Paseo de Eduardo Dato,Q365162,,residential;secondary;secondary_link,13
Paseo de Extremadura,Q5777,,primary,11
Paseo de Felipe III,Q34464,,service,2
Paseo de Ginebra,Q71,,residential;tertiary,10
Paseo de José Celestino Mutis,Q731937,,footway,1
Paseo de José Quer,Q957879,,footway,1
Paseo de Juan Antonio Vallejo-Nájera Botas,Q33093309;Q5947470,,pedestrian;residential,8
Paseo de La Habana,Q1563,,residential;tertiary,17
Paseo de Mariano Lagasca,Q891966,,footway,1
Paseo de Moret,Q562515,,secondary,8
Paseo de San Millán de la Cogolla,Q842220,,residential,13
Paseo de Santa María de la Cabeza,Q6065630,,primary,22
Paseo de Simón de Rojas Clemente,Q2983280,,footway,3
Paseo de Yeserías,Q16616818,,primary;residential;tertiary,10
Paseo de la Castellana,Q1473674,,construction;footway;primary;primary_link;residential;secondary;secondary_link;service;trunk;trunk_link,271
Paseo de la Florida,Q5576961,,primary,6
Paseo de la Reina Cristina,Q538125,,construction;primary;residential;secondary,7
Paseo de la Tierra de Melide,Q944002,,residential,6
Paseo de la Virgen del Puerto,Q3813365;Q6065659,,primary;residential;tertiary,19
Paseo de las Acacias,Q55947263,,secondary,12
Paseo de las Delicias,Q6065662,,primary;residential;service,29
Paseo de los Pontones,Q118634190;Q26737156,,residential;tertiary,14
Paseo del General Martínez Campos,Q548543,,tertiary,8
Paseo del Pintor Rosales,Q615701,,secondary,9
Paseo del Prado,Q2079615,,residential;service;trunk,32
Paseo del Uruguay,Q77,,pedestrian,2
Plaza Antonio Garisa,Q5698449,,secondary,4
Plaza General Vara del Rey,Q6080424,,residential,2
Plaza República del Ecuador,Q736,,residential,4
Plaza Santa Bárbara,Q192816,,pedestrian,1
Plaza Villalcázar de Sirga,Q1010261,,residential,3
Plaza de Agustín González,Q399284,,secondary,11
Plaza de Alcira,Q931780,Q931780,footway;pedestrian,8
Plaza de Alonso Martínez,Q573875,,primary;secondary;tertiary,9
Plaza de Alsacia,Q1142,,primary,12
Plaza de Andrés Manjón,Q4760226,,residential,2
Plaza de Arteijo,Q996161,,residential;service,6
Plaza de Arturo Barea,Q459293,,pedestrian,1
Plaza de Callao,Q2099125,,pedestrian,1
Plaza de Canalejas,Q3392158,,tertiary,2
Plaza de Carballo,Q166137,,residential,3
Plaza de Cascorro,Q6079936,,residential,2
Plaza de Castilla,Q786291,,secondary;service,18
Plaza de Chueca,Q24944157,,pedestrian,1
Plaza de Corcubión,Q581367,,residential,4
Plaza de Cristino Martos,Q45900966,,residential,2
Plaza de Cupido,Q5011,,residential,1
Plaza de Cuzco,Q26833863,,secondary,12
Plaza de Cánovas del Castillo,Q16620193,,residential;tertiary,9
Plaza de Don Antonio de Andrés,Q131349485,,pedestrian,1
Plaza de Elciego,Q1368834,,pedestrian,1
Plaza de España,Q1326261,,living_street;pedestrian;primary;residential;secondary,31
Plaza de Eurípides,Q48305,,residential;service,2
Plaza de Fonsagrada,Q1465213,,residential;service,5
Plaza de Francisco Morano,Q8962505,,secondary,8
Plaza de Herradores,Q28534650,,residential;tertiary,4
Plaza de Ignacio Villalonga,Q3148227,,residential,1
Plaza de Isabel II,Q6079993,,living_street;pedestrian;residential;service,5
Plaza de Jacinto Benavente,Q6080004,,pedestrian;tertiary,7
Plaza de Jaizquíbel,Q576888,,pedestrian,1
Plaza de Jesús,Q26796200,,living_street,1
Plaza de José Moreno Villa,Q981658,,residential,2
Plaza de José de Villareal,Q5946383,,living_street;pedestrian,5
Plaza de Juan Benet,Q706516,,pedestrian,5
Plaza de Juan Goytisolo,Q353762,,pedestrian,1
Plaza de Lavapiés,Q6080017,,living_street,3
Plaza de Legazpi,Q5547886,,primary,11
Plaza de Lima,Q29647450,,footway;secondary,15
Plaza de Manuel Becerra,Q3393354,,primary,9
Plaza de Margaret Thatcher,Q7416,,pedestrian,1
Plaza de Matute,Q6080024,,pedestrian,2
Plaza de Mondariz,Q639229,,residential;service,7
Plaza de Montiel,Q1610078,,footway;residential,2
Plaza de Olavide,Q27947826,,living_street,2
Plaza de Oriente,Q2193218,,pedestrian,2
Plaza de Oyarzun,Q911092,,pedestrian,2
Plaza de Padrón,Q500494,,residential,3
Plaza de Pedro Zerolo,Q6080146,,residential,2
Plaza de Puerta Cerrada,Q9060945,,pedestrian;tertiary,4
Plaza de Quito,Q2900,,residential,1
Plaza de Ramales,Q2839150,,pedestrian,1
Plaza de Ramón y Cajal,Q150526,,residential;service,4
Plaza de Redondela,Q833032,,residential,3
Plaza de Ribadeo,Q824076,,residential;service,3
Plaza de San Francisco,Q24493632,,residential;secondary,8
Plaza de San Juan de la Cruz,Q190388,,primary;residential;tertiary,10
Plaza de San Martín,Q30578759,,residential,2
Plaza de San Miguel,Q52051752,,pedestrian,5
Plaza de Santa Ana,Q740210,,pedestrian;residential,2
Plaza de Santa Bárbara,Q24481510,,tertiary,3
Plaza de Santa Cruz,Q6080086,,living_street;pedestrian,2
Plaza de Santo Domingo,Q6080106,,pedestrian;residential,11
Plaza de Santos de la Humosa,Q1648733,,tertiary,9
Plaza de Tirso de Molina,Q6080114,,residential;tertiary,5
Plaza de Tuy,Q824122,,residential,3
Plaza de Verín,Q176504,,residential;service,9
Plaza de la Armería,Q16494360,,pedestrian,2
Plaza de la Asamblea de Madrid,Q139971,,secondary,6
Plaza de la Cebada,Q9060972,,tertiary,4
Plaza de la Cibeles,Q1537446,,primary;service;trunk,13
Plaza de la Independencia,Q4967671,,primary;service,11
Plaza de la Lealtad,Q6080203,,residential;tertiary,4
Plaza de la Madre Molas,Q445228,,pedestrian;tertiary,6
Plaza de la Platería de Martínez,Q6080240,,living_street;residential,2
Plaza de la Provincia,Q12344133,,living_street,1
Plaza de la Puerta del Sol,Q427163,,pedestrian,14
Plaza de la República Argentina,Q414,,tertiary,5
Plaza de la Villa,Q2711992,,pedestrian,1
Plaza de la Villa de París,Q6080233,,pedestrian,1
Plaza de la Virgen Guadalupana,Q31877,,secondary,8
Plaza de la Virgen de la Paloma,Q6163510,,residential,2
Plaza de las Californias,Q301467,,pedestrian,1
Plaza de las Cortes,Q5482884,,living_street;residential;tertiary,13
Plaza de las Descalzas,Q6080247,,residential,3
Plaza de los Templarios,Q41300,,residential,1
Plaza del Alcalde Moreno Torres,Q9014613,,tertiary,9
Plaza del Campillo del Mundo Nuevo,Q25410652,,residential,3
Plaza del Carmen,Q6080406,,pedestrian;residential,2
Plaza del Conde de Barajas,Q29005231,,pedestrian,2
Plaza del Conde de Miranda,Q52063001,,footway;pedestrian,4
Plaza del Conde del Valle de Suchil,Q27244013,,residential,2
Plaza del Doctor Laguna,Q524380,,residential,4
Plaza del Doctor Marañón,Q708559,,primary;primary_link;trunk;trunk_link,16
Plaza del Emperador Carlos V,Q32500;Q7203711,,primary;primary_link;residential;service;trunk,15
Plaza del Fotógrafo Robert Capa,Q152524,,residential,1
Plaza del Niño Jesús,Q942467,,secondary,2
Plaza del Rastrillo,Q29834891,,pedestrian,1
Plaza del Ángel,Q5800864,,pedestrian;residential,4
Plazuela de Ana Diosdado,Q5673728,,pedestrian,1
Plazuela de San Javier,Q43008231,,pedestrian,1
Puente Enrique de la Mata Gorostizaga,Q268599,,secondary,3
Puente de Segovia,Q2838423,,primary;tertiary,5
Puente de Toledo,Q3845616,,footway,4
Ronda de Atocha,Q26831149,,primary;residential,11
Ronda de Segovia,Q27955399;Q2807,,primary;primary_link;tertiary_link,17
Ronda de Toledo,Q6111946,,primary;primary_link,12
Ronda de Valencia,Q16626200,,primary,10
San Isidoro de Sevilla,Q166876,,residential,1
Travesía de Andrés Mellado,Q5675946,,residential,1
Travesía de Aquitania,Q1179,,residential,1
Travesía de Biosca,Q1901345,,residential,1
Travesía de Capri,Q173292,,residential,1
Travesía de Felipe de Diego,Q5441962,,residential,2
Travesía de la Infanta Mercedes,Q218879,,pedestrian;residential,2
Travesía de los Cabestreros,Q20015474,,living_street,1
Travesía del Poeta Blas de Otero,Q881756,,residential,2
Túnel de O'Donnell,Q454265,,primary,2
Túnel de Ríos Rosas,Q27267331,,primary,1
Viaducto de Segovia,Q6160850,,footway,2
